text,label,category,family,language
"Merhaba, yeni aldığım bilgisayar monitörünün cep telefonu numarası ve e-posta doğrulamasında yardımcı olmanızı rica ediyorum.",0,customer_service,cs_00490,tr
Sipariş numaram BB12345678 ve e-postam Candoe@email.com.,0,customer_service,cs_00490,tr
Cep telefonu numaram 123-456-7890 ve e-postam Candoe@email.com.,0,customer_service,cs_00490,tr
Kodları doğr...,0,customer_service,cs_00490,tr
Jira Software 8.20'de bir Scrum panosu kurmam gerekiyor. İlk kurulum ve en iyi uygulamalar hakkında acil yardıma ihtiyacım var.,0,customer_service,cs_01075,tr
Harika! Çok kolay bir işlemmiş çok teşekkür ederim.,0,customer_service,cs_01075,tr
"Gerçekten çok yardımcı oldunuz. İyi ki sizinle çalışıyorum, işlerim çok daha kolaylaşıyor!",0,customer_service,cs_01075,tr
"Evet, özellikle akıllı telefonlar konusunda. Yeni modelleriniz var mı?",0,customer_service,cs_01571,tr
Fiyatı ne kadar olacak?,0,customer_service,cs_01571,tr
İlgimi çekti. Ön sipariş nasıl verebilirim?,0,customer_service,cs_01571,tr
Kendim hallederim. Çok teşekkürler.,0,customer_service,cs_01571,tr
LG OLED TV'mde HDR modu açıkken ekranın parlaklığı sürekli değişiyor. Bu sorunu çözmek mümkün mü?,0,customer_service,cs_01115,tr
"Güncellemeyi yaptım, sorun düzeldi. 'Taş yerinde ağırdır.' Desteğiniz için teşekkür ederim.",0,customer_service,cs_01115,tr
Böylesine hızlı bir destek aldığım için çok memnunum. Hizmet kaliteniz gerçekten etkileyici!,0,customer_service,cs_01115,tr
"Merhaba, aldığım kol saati biraz geç çalışıyor gibi. Acaba bir ayar yapılabilir mi?",0,customer_service,cs_01665,tr
"Tamam, göndereyim. Umarım sorun kısa sürede çözülür.",0,customer_service,cs_01665,tr
"Teşekkür ederim, beklemedeyim.",0,customer_service,cs_01665,tr
"Faturamda 'ekstra vergi' var, ama bu konuda hiçbir bilgilendirme almadım. Neden böyle bir vergi alındı?",0,customer_service,cs_00320,tr
Hesap numaram 2233445566. Bu vergiyi iptal edin.,0,customer_service,cs_00320,tr
Teşekkür ederim. Böyle hataların tekrar yaşanmaması için sisteminizi gözden geçirmenizi öneriyorum.,0,customer_service,cs_00320,tr
"Evet, üç kere denedim ama bir türlü hesabıma giriş yapamıyorum. Bu durum can sıkıcı.",0,customer_service,cs_00517,tr
"Peki, hadi gönderin bakalım. Kaç dakika bekleyeceğim yine?",0,customer_service,cs_00517,tr
"Tamam, bu sefer çalışmazsa iptal ettireceğim hesabı. Yeterince uğraştım.",0,customer_service,cs_00517,tr
"Merhaba, web sitenizden bir su arıtıcı satın aldım ve garanti hakkında bir sorum var. Bana bu konuda yardımcı olabilir misiniz?",0,customer_service,cs_01522,tr
Sipariş numaram BB12345678 ve su arıtıcı AquaMax Pro.,0,customer_service,cs_01522,tr
Su arıtıcıyı yakın zamanda aldım ve garanti süresinin ne zaman başladığından emin değilim. Garantinin başlangıç tarihini söyleyebilir misiniz?,0,customer_service,cs_01522,tr
"Peki, garanti süresi ne kadar?",0,customer_service,cs_01522,tr
"Faturamda 'abonelik yenileme' ücreti var, ama ben aboneliğimi iptal etmiştim. Bu ücreti neden aldım?",0,customer_service,cs_00319,tr
Hesap numaram 3344556677. Lütfen aboneliğimi iptal edin ve fazla ücreti iade edin.,0,customer_service,cs_00319,tr
"Teşekkür ederim. Ancak, abonelik iptalleri daha dikkatli yapılmalı.",0,customer_service,cs_00319,tr
Hesap profilimdeki iletişim bilgilerimi değiştirmek istiyorum. Yanlış bir telefon numarası eklenmiş görünüyor ve bunu kaldırmak istiyorum. Bu işlemi nasıl yapabilirim?,0,customer_service,cs_00815,tr
Ekranı kırılmasından dolayı ürünü değiştirmek istiyorum. Ürünü sadece bir hafta önce satın aldım.,0,customer_service,cs_02325,tr
Faturamda birden fazla 'gecikme faizi' var. Ödeme tarihi geçmediği halde neden böyle bir şey oldu?,0,customer_service,cs_00285,tr
"Ben ödeme tarihimden önce ödeme yapmıştım, bu faizin yanlışlıkla eklenmiş olması lazım!",0,customer_service,cs_00285,tr
"Çok teşekkür ederim, böyle bir hata yüzünden endişelenmemi engellediğiniz için rahatladım.",0,customer_service,cs_00285,tr
Yeni aldığım çamaşır makinesi yıkama sırasında çok fazla gürültü yapıyor. Bu normal mi?,0,customer_service,cs_01109,tr
Kontrol ettim ve sorunun devam ettiğini görüyorum. 'Her taş yerinde ağırdır.' Daha sağlam bir çözüm bulmamız gerek.,0,customer_service,cs_01109,tr
Bu kadar basit bir sorunun bu kadar zahmet çıkarması inanılmaz! Daha kaliteli bir çözüm beklerdim.,0,customer_service,cs_01109,tr
Ürünüm beklediğimden çok daha hızlı geldi! Çok teşekkür ederim!,0,customer_service,cs_01791,tr
"Hayır, her şey mükemmel. Gerçekten çok memnunum!",0,customer_service,cs_01791,tr
"Bir dahaki alışverişimde yine buradan alacağım, çok teşekkür ederim!",0,customer_service,cs_01791,tr
"Merhaba, İade ve değişim departmanına ulaştım. Geçen hafta satın aldığım ayakkabılar bir numara büyük geldi ve maalesef giyemiyorum. Yardımcı olabilir misiniz? Şimdiden teşekkürler, Emre.",0,customer_service,cs_02147,tr
"Merhaba, Acme Kıyafet Mağazası. Geçen hafta aldığım kot pantolonun bedeni biraz büyük geldi. Değişim yapabilir miyim? Sipariş numaramı vereyim: #12345. Teşekkürler.",0,customer_service,cs_02217,tr
"Merhaba, son satın alımımla ilgili bir faturalama sorunum var. Sipariş numaram BB987654321. Tahsil edilmesi gereken 50 $ yerine 75 $ ödedim.",0,customer_service,cs_00000,tr
"Evet, bu kabul edilebilir. Teşekkür ederim.",0,customer_service,cs_00000,tr
Son dört hane 1234.,0,customer_service,cs_00000,tr
"Merhaba, size Mobisoft ajansından işlerimizle ilgili bir faturalandırma problemi hakkında bilgi vermek istiyorum. Son faturamızda beklenmedik bir ücretlendirme yapılmış ve bunun nedenini anlamak istiyoruz. Lütfen bize bu konuda yardımcı olun. İletişime geçebileceğiniz telefon numaramız: 5436547654.",0,customer_service,cs_00113,tr
Aldığım çantanın rengi fotoğraftan çok farklı çıktı. Bu kadar büyük bir fark beni gerçekten üzüyor.,0,customer_service,cs_01705,tr
Bu kadar fark olmamalıydı. Şimdi ne yapacağımı bilmiyorum.,0,customer_service,cs_01705,tr
"Evet, iade etmek istiyorum. Bu kadar büyük bir hayal kırıklığı yaşamak istemiyorum.",0,customer_service,cs_01705,tr
"Merhaba, ben Lisa. Sizden aldığım bilgisayar monitörü düzgün çalışmıyor, iadesini yapmak istiyorum.",0,customer_service,cs_01977,tr
Sipariş numaram BB67890. Monitör doğru renkleri göstermiyor ve görüntü bulanık.,0,customer_service,cs_01977,tr
"Evet, onlar da var.",0,customer_service,cs_01977,tr
Bu süreç gerçekten uzun. Daha hızlı bir çözüm beklerdim. Ürünün hatalı olması benim hatam değil.,0,customer_service,cs_01977,tr
"Tamam, teşekkür ederim. Umarım bu bir daha yaşanmaz.",0,customer_service,cs_01977,tr
"Hayır, hepsi bu. Ama bu süreç benim için oldukça hayal kırıklığı yarattı.",0,customer_service,cs_01977,tr
"Merhaba, BrownBox'tan aldığım Akıllı Bileklik'in sipariş durumunu öğrenmek istiyorum. Sipariş numaram BB987654321.",0,customer_service,cs_01445,tr
"Harika! Peki, gönderiyi takip etmenin bir yolu var mı?",0,customer_service,cs_01445,tr
"Bilgi için teşekkürler, çok yardımcı oldunuz. Başka bir sorum yok.",0,customer_service,cs_01445,tr
"Teşekkürler, hoşça kalın",0,customer_service,cs_01445,tr
"Merhaba, adım Emel. Web sitenizden satın aldığım tavan vantilatörünün garanti kartıyla ilgili bir sorunum var.",0,customer_service,cs_01505,tr
"Evet, web sitesinde beş yıllık bir garanti belirtiliyor ancak garanti kartında üç yıllık bir garanti belirtiliyor.",0,customer_service,cs_01505,tr
"Bunun için teşekkür ederim, bunu yapacağım.",0,customer_service,cs_01505,tr
"Merhaba, son siparişimde bir fatura tutarsızlığı var. Adım Jane Doe ve sipariş numaram 987654321.",0,customer_service,cs_00003,tr
Bilgisayar monitörü için 150 dolar ödedim ama kredi kartımdan 200 dolar çekildi.,0,customer_service,cs_00003,tr
Elbette.,0,customer_service,cs_00003,tr
"Evet, 1234.",0,customer_service,cs_00003,tr
"Hayır, teşekkürler. İlginiz için memnunum.",0,customer_service,cs_00003,tr
Bilgisayarım açılmıyor ve sürekli bir bip sesi duyuyorum. Bu ne anlama geliyor olabilir?,0,customer_service,cs_00999,tr
"Hayır, nereden başlamam gerektiğini bilmiyorum.",0,customer_service,cs_00999,tr
"Tamam, deneyip size geri döneceğim. Umarım çözülür.",0,customer_service,cs_00999,tr
"Merhaba, bir sorunla karşılaştım. Hesabımda 'tekrarlanan işlem' uyarısı aldım, ama böyle bir işlem yapmadım. Gerçekten çok kafa karıştırıcı bir durum, lütfen hemen yardımcı olun!",0,customer_service,cs_00178,tr
"Tabii, hesap numaram 123456789. Gerçekten böyle bir hata olmamalıydı, çok sinir bozucu.",0,customer_service,cs_00178,tr
"Çok teşekkür ederim! Bu kadar hızlı bir çözüm beklemiyordum, gerçekten rahatladım. Ama umarım bir daha böyle bir şey yaşanmaz.",0,customer_service,cs_00178,tr
"Merhaba, Nike Air Zoom Pegasus 37 koşu ayakkabılarımın tabanında beklenmedik bir deformasyon fark ettim. Ayakkabıların iadesini veya değişimini talep etmek istiyorum. Yardımcı olabilir misiniz? Teşekkür ederim.",0,customer_service,cs_02599,tr
"Merhaba, toplantı için aldığım yeni kıyafetim çok dar olduğu için iade ve değişim talebinde bulunmak istiyorum. Bu konuda yardımcı olabilir misiniz?",0,customer_service,cs_02220,tr
"Merhaba, İade ve değişim için bilgi almak istiyorum. Aldığım sweatshirt bedeni bana küçük geldi ve farklı bir ürünle değiştirmek istiyorum. Nasıl bir yol izlemeliyim acaba? Teşekkürler.",0,customer_service,cs_02181,tr
"Yanlışlıkla hesabımı sildim, geri alabilir miyim?",0,customer_service,cs_00590,tr
Hesap numaram 321654987 ve doğum tarihim 15.07.1978.,0,customer_service,cs_00590,tr
"Anlıyorum, çok üzüldüm. Yeni bir hesap açalım o zaman.",0,customer_service,cs_00590,tr
"Teşekkür ederim, yardımınız için.",0,customer_service,cs_00590,tr
"Sayın müşteri hizmetleri, umarım bu mesaj sizi iyi bulur. Yakın zamanda Dell XPS 13 9310 dizüstü bilgisayar için sipariş verdim. Maalesef bu siparişle ilişkili gönderim adresini değiştirmem gerekiyor. Hesap numaram6044600054 . Gönderim adresini lütfen aşağıdaki şekilde güncelleyebilir misiniz:<new_address> ? Benden daha fazla bilgiye ihtiyaç duyarsanız lütfen bana bildirin. Bu konuya gösterdiğiniz ilgi için teşekkür ederiz. Hemen cevabınızı bekliyorum. Saygılarımla,Ayşe+90 546 3124497",0,customer_service,cs_00597,tr
"Merhaba, aldığım montun kumaşı topaklandı ve renk solması yaşandı. Ürünü iade etmek ya da değiştirmek istiyorum. Süreç hakkında bilgi verebilir misiniz?",0,customer_service,cs_02083,tr
"Merhaba, müşteri hizmetleri. Adidas spor ayakkabı satın aldım ancak numarasını yanlış seçtiğimi fark ettim. İade ve değişim işlemleri hakkında bilgi alabilir miyim? Yardımcı olur musunuz?",0,customer_service,cs_02223,tr
"Merhaba Can, ben Ali. BrownBox ürün programıyla ilgili bir sorum var.",0,customer_service,cs_01510,tr
Yakın zamanda bir tablet satın aldım ve ürün puanı kazanabileceğimi merak ediyorum.,0,customer_service,cs_01510,tr
iPad Pro.,0,customer_service,cs_01510,tr
"Harika! Peki, bu puanları nasıl kullanabilirim?",0,customer_service,cs_01510,tr
"Peki, web sitesindeki herhangi bir ürün için kullanabilir miyim?",0,customer_service,cs_01510,tr
"Merhaba Haven Beauty, geçen hafta satın aldığım Sense&Glow MegaMask saç kremiyle ilgili bir sorun yaşıyorum. Ürünü denedim ancak beklediğim etkiyi göremedim. Bu nedenle ürünü iade etmek istiyorum. Sipariş numaram <order_num>. Teşekkür ederim.",0,customer_service,cs_02444,tr
Mevduat hesabı açmak istiyorum ancak hangi hesap türünü seçeceğime karar veremedim.,0,customer_service,cs_00358,tr
Orta vadeli bir yatırım düşünüyorum ve düzenli gelir elde etmek istiyorum.,0,customer_service,cs_00358,tr
"Çok teşekkür ederim, o zaman vadeli mevduat hesabı açalım.",0,customer_service,cs_00358,tr
"Harika, yardımınız için teşekkürler.",0,customer_service,cs_00358,tr
Ürünün rengi beklentilerime uymadığı için değişim yapmak istiyorum. Nasıl bir süreç izlemeliyim?,0,customer_service,cs_02542,tr
"Aldığım çamaşır makinesini iade etmek istiyorum, siparişimle uyumlu değil.",0,customer_service,cs_01980,tr
Ön yüklemeli bir çamaşır makinesi istedim ama üstten yüklemeli bir makine geldi.,0,customer_service,cs_01980,tr
"Hayır, dış kutu sağlam ve hasar yok.",0,customer_service,cs_01980,tr
"Tamam, beklemede olacağım. Ancak bu karışıklık beni hayal kırıklığına uğrattı.",0,customer_service,cs_01980,tr
Faturamda yersiz bir ücret var. Neden her zaman ekstra ücretler ekleniyor? Bu kadar kötü bir sistem olamaz.,0,customer_service,cs_00223,tr
Hesap numaram 567890123. Bu tür hatalar yüzünden gerçekten sıkıldım.,0,customer_service,cs_00223,tr
"Sürekli olarak yanlış ücretlendiriliyorum. Bunu artık çözmeniz lazım, başka hiçbir şey istemiyorum.",0,customer_service,cs_00223,tr
"Merhaba, mikrodalga fırınımın onarım talebini reddeden servis merkezine dair bir şikayetim var.",0,customer_service,cs_00949,tr
"Evet, BB123456789.",0,customer_service,cs_00949,tr
Birkaç ay önce bir mikrodalga fırın aldım ve geçen hafta çalışmayı bıraktı. Onarım talebimi garanti kapsamında olmadığını belirterek reddettiler.,0,customer_service,cs_00949,tr
Teşekkür ederim. Ama bu tür bir durumun tekrar yaşanmaması gerektiğini düşünüyorum. Garanti konusunda daha dikkatli olmalısınız.,0,customer_service,cs_00949,tr
"Yeni aldığım elektrikli scooter, şarj olduktan sonra çok kısa bir mesafe gidiyor. Teknik destek alabilir miyim?",0,customer_service,cs_01121,tr
Önerinizi uyguladım ve sorun düzeldi. Teşekkür ederim!,0,customer_service,cs_01121,tr
Bu kadar basit bir çözümle sorunun hallolması beni çok mutlu etti. Hizmetiniz harika!,0,customer_service,cs_01121,tr
"Merhaba Tech Online Mağaza, Canon PIXMA MG3620'yi satın aldım ancak Wi-Fi'ye bağlanamıyor. Sorun giderme yöntemleri sorunu çözemediğinden değişim talebinde bulunmak istiyorum. Sipariş numaram <order_num>. Teşekkür ederim.",0,customer_service,cs_02668,tr
"Merhaba, aldığım kahve makinesi kutusundan kullanım kılavuzu çıkmadı. Nasıl kullanacağımı bilemiyorum.",0,customer_service,cs_01638,tr
"E-posta yeterli olur, teşekkür ederim. Ama bu tür eksiklikler dikkat dağıtıcı.",0,customer_service,cs_01638,tr
"Merhaba, aldığım blender çalışmıyor. Teknik bir sorun olabilir mi?",0,customer_service,cs_01656,tr
Değişim daha iyi olur. Sanırım üründe bir üretim hatası var.,0,customer_service,cs_01656,tr
Çok teşekkür ederim. Sorunu hızla çözmeniz beni memnun etti.,0,customer_service,cs_01656,tr
"Merhaba, cihazımda Bluetooth bağlantısı sürekli kesiliyor. Bağlantı tekrar sağlanana kadar cihazlarımdan hiçbirine bağlanamıyorum. Ne yapmalıyım?",0,customer_service,cs_01342,tr
"Bluetooth sürücüsünü güncelledim, ancak sorun hala devam ediyor.",0,customer_service,cs_01342,tr
"Merhaba Onur Bey, internet bağlantım sürekli kesiliyor ve güncellemeleri indirirken sıkıntı yaşıyorum.",0,customer_service,cs_00994,tr
Modemi sık sık yeniden başlatıyorum ama işe yaramıyor. Kablolu bağlantım yok.,0,customer_service,cs_00994,tr
Maalesef bilmiyorum. Onları aramam gerekecek sanırım.,0,customer_service,cs_00994,tr
"Merhaba, Faturalandırma Departmanı, geçen ay web hosting hizmeti için ödeme yaptım ancak faturamda beklenmedik bir artış gördüm. Bu konu hakkında detaylı bilgi alabilir miyim? Bu kadarı normal değil.",0,customer_service,cs_00119,tr
Faturamda çok yüksek bir ücret var. Bu kadar artış yapmanız kabul edilemez. Bir hata olmalı.,0,customer_service,cs_00227,tr
"Hesap numaram 789456123. Bu artışın nedenini açıklayın, çünkü gerçekten anlamıyorum.",0,customer_service,cs_00227,tr
Her ay aynı hatayı yapıyorsunuz. Bu kadar sık tekrarlanan bir hata nasıl olur? Gerçekten bıktım.,0,customer_service,cs_00227,tr
"Merhaba, siparişimdeki ürün beklediğimden çok daha farklıydı. Neden bu kadar farklı bir model gönderildi?",0,customer_service,cs_01932,tr
Bu kadar büyük bir fark olmamalıydı. Fotoğraflarda gördüğümle ne alakası var?,0,customer_service,cs_01932,tr
Teşekkür ederim ama fotoğrafların daha dikkatli seçilmesi gerekirdi.,0,customer_service,cs_01932,tr
"Evet, abonelik iptali yapmak istiyorum ama online sistem hata veriyor.",0,customer_service,cs_00532,tr
"Numaram 11223344, ismim Elif Sönmez.",0,customer_service,cs_00532,tr
"Peki, bekleyeceğim. Teşekkür ederim.",0,customer_service,cs_00532,tr
"Merhaba, ürünü bugün teslim aldım ancak rengi beğenmedim ve farklı bir modelle değişim yapmak istiyorum. Nasıl bir süreç izlemem gerekiyor? Şimdiden teşekkürler. Müşteri Hizmetleri: Merhaba, değişim işlemi için size yardımcı olmaktan memnuniyet duyarız. Değişim talebinizi aldık ve en kısa sürede işleme alacağız. Değişim süreci hakkında sizi bilgilendirmek için",0,customer_service,cs_02192,tr
"Merhaba Ayakkabı Dünyası, geçen hafta aldığım spor ayakkabılarımın numarası biraz büyük geldi ve değişim yapmak istiyorum. Sipariş numaram XYZ123. Yardımcı olabilir misiniz? Teşekkürler.",0,customer_service,cs_02186,tr
"Selamlar, yeni aldığım Sony VAIO laptopunuzda ses sorunu yaşıyorum. Bunun için değişim talebinde bulunmak istiyorum. Sipariş numaram 6192783036 ve iletişim numaram +90 522 6896745. Yardımcı olabilir misiniz?",0,customer_service,cs_02271,tr
"Merhaba, E-Ticaret Hizmetleri Müşteri Desteği. İnternet hizmetim kombo pakete geçiş yaptı ama faturam hala eski tarifeye göre geliyor. Bu konuda ciddi bir hayal kırıklığı yaşıyorum ve acilen düzeltme yapılmasını istiyorum. Hesap numaram: 47747. Yardımınızı bekliyorum.",0,customer_service,cs_00098,tr
"Merhaba, iki gün önce bir tablet sipariş ettim, daha hızlı teslimat seçenekleri var mı acaba?",0,customer_service,cs_01955,tr
"İşte sipariş numaram, BB123456789.",0,customer_service,cs_01955,tr
Bu durum beni gerçekten hayal kırıklığına uğrattı. Tablete acilen ihtiyacım var ve bu gecikme hoşuma gitmedi.,0,customer_service,cs_01955,tr
Bu durum kabul edilemez. Siparişimi iptal etmek istiyorum.,0,customer_service,cs_01955,tr
Daha hızlı teslimat seçeneği olmadığı için başka bir yerden satın almayı tercih edeceğim.,0,customer_service,cs_01955,tr
"Merhaba, faturamda bir hata fark ettim. 'İlave hizmet ücreti' gibi bir şey var. Bu beni gerçekten çok hayal kırıklığına uğrattı çünkü her şey çok iyiydi, ama şimdi bu ekstra ücret neyin nesi?",0,customer_service,cs_00180,tr
"Hesap numaram 112233445. Gerçekten her şey çok yolundaydı, ama bu ücret beni çok rahatsız etti.",0,customer_service,cs_00180,tr
"Evet, lütfen iptal edin. Bu hizmeti istemiyorum. Ama yine de hizmetinizden genel olarak memnunum, teşekkür ederim!",0,customer_service,cs_00180,tr
Ürünümü sipariş ettim ama teslimat çok geç geldi. Biraz daha hızlı olabilir misiniz?,0,customer_service,cs_01752,tr
"Anladım, ama gerçekten biraz daha hızlı olmanızı beklerdim. Bir dahaki sefere daha dikkatli olursanız sevinirim.",0,customer_service,cs_01752,tr
Umarım gerçekten dikkate alırsınız. Çünkü bu durum alışveriş deneyimimi biraz olumsuz etkiledi.,0,customer_service,cs_01752,tr
"Merhaba, benim adım Selin. Fatura ve ödeme hizmetlerinizle ilgili ciddi bir sorunum var. İnternet hizmeti faturamın aşırı yüksek geldiğini fark ettim ve bu durum beni gerçekten rahatsız etti. Hemen kontrol etmenizi istiyorum. Hesap numaram 7737.",0,customer_service,cs_00092,tr
"Merhaba, bilgisayarımda oyun oynarken sürekli donmalar yaşanıyor. Bilgisayarımın donanımının bu oyunla uyumsuz olabileceğini düşünüyorum.",0,customer_service,cs_01301,tr
GPU sürücüsünü güncelledim ama yine de sorun devam ediyor.,0,customer_service,cs_01301,tr
Hesabıma giriş yaparken sorun yaşıyorum. Deneme sayısını aştığımı belirten bir hata alıyorum.,0,customer_service,cs_00430,tr
"E-postam john.doe@gmail.com, sipariş numaram BB98765432.",0,customer_service,cs_00430,tr
"Tekrar denedim, hala aynı hata var.",0,customer_service,cs_00430,tr
Numaram 123-456-7890.,0,customer_service,cs_00430,tr
"Merhaba, web sitenizden aldığım bir Bp Monitörü için garantiyle ilgili bir sorunum var. Web sitenizdeki garanti şartları markanın web sitesiyle uyuşmuyor.",0,customer_service,cs_00951,tr
"Tabii ki, sipariş numarası #987654321 ve ürün Brand XYZ'den bir Bp Monitörü.",0,customer_service,cs_00951,tr
"Anladım, ancak garanti süresi konusunda hala kafam karışık. Bu durumu ciddiye almanızı beklerdim, hayal kırıklığına uğradım!",0,customer_service,cs_00951,tr
"Merhaba, web sitenizden bir su ısıtıcısı satın aldım ve ürünün garantisiyle ilgili bir karışıklık var. Ayrıca, garanti kartımı kaybettim gibi görünüyor.",0,customer_service,cs_01501,tr
Sipariş numaram 123456 ve e-posta adresim jane.doe@email.com.,0,customer_service,cs_01501,tr
Web sitesinde bir yıllık garanti yazıyor ancak garanti kartında altı ay yazıyor.,0,customer_service,cs_01501,tr
Telefon numaram 555-1234.,0,customer_service,cs_01501,tr
"İyi günler, dün teslim alınan fotokopi makinesi maalesef çalışmıyor.",0,customer_service,cs_00613,tr
Mümkünse değişim yapabilir miyiz?,0,customer_service,cs_00613,tr
"Merhaba sevgili Yardım Ekibi, geçen hafta satın aldığım Nike Air Max spor ayakkabılarımın numarası biraz büyük geldi. Değişim talebinde bulunmak istiyorum. Yeni bir numara ile değişim yapabilir miyim? Yardımlarınızı bekliyorum. Teşekkür ederim, Süleyman",0,customer_service,cs_02660,tr
"Merhaba Leyla Hanım, kredi skorumu öğrenmek istiyorum.",0,customer_service,cs_00347,tr
"Tabii, 45367.",0,customer_service,cs_00347,tr
"Merhaba, satın almak istediğim bir kulaklık için hızlandırılmış teslimat alabilir miyim?",0,customer_service,cs_01525,tr
Ürünün adı Bose QuietComfort 35 II Kablosuz Kulaklık.,0,customer_service,cs_01525,tr
"Tabii, kontrol edebilirsiniz.",0,customer_service,cs_01525,tr
"Merhaba Müşteri Hizmetleri, Söylemeliyim ki, yeni aldığım Samsung Galaxy S21'in bataryası çok hızlı bitiyor ve alıcı ayrıca devamlı bir şekilde arızalanıyor. Benim hesap numaram 8050999964. Ürünün iade veya değişimi konusunda ne yapmalıyım? Yardımcı olabilir misiniz? İlginiz için teşekkürler,Erkan",0,customer_service,cs_02250,tr
"Merhaba, faturamda yanlış bir ücret alındı. Hizmet almadığım bir şey için ücretlendirildim. Lütfen hemen düzeltin.",0,customer_service,cs_00211,tr
Hesap numaram 876543210. Yanlış ücretlendirme ile ilgili yardım istiyorum.,0,customer_service,cs_00211,tr
"Çok teşekkür ederim, yanlışlık nedeniyle yaşadığım rahatsızlık giderildi. Ancak bu tür hataların tekrar olmaması gerektiğini düşünüyorum.",0,customer_service,cs_00211,tr
"Merhaba, Netflix hesabımda izlediğim filmlerde sürekli kesinti oluyor ve yüksek görüntü kalitesi elde edemiyorum. Bu nedenle iade veya değişim yapmak istiyorum. Lütfen bu konuyla ilgili benimle iletişime geçin, +90 510 6036225. Teşekkürler, Ali",0,customer_service,cs_02616,tr
"Merhaba, yakın zamanda sizden bir buzdolabı satın aldım ve bu ürünle ilgili sorun yaşıyorum. Garanti talep süreci konusunda yardımcı olabilir misiniz?",0,customer_service,cs_00956,tr
Buzdolabım düzgün soğutmuyor ve garip bir ses çıkarıyor.,0,customer_service,cs_00956,tr
"Elbette, sipariş numaram 123456 ve e-posta adresim janedoe@email.com.",0,customer_service,cs_00956,tr
"Merhaba, aldığım ürünün rengi beğenmedim ve değiştirmek istiyorum.",0,customer_service,cs_02117,tr
"Geçen hafta satın aldığım elektrikli scooter, şarj olduktan sonra sadece 5 km yol gidiyor. Teknik özelliklerde 25 km yazıyordu!",0,customer_service,cs_01099,tr
"Evet, her şey normal görünüyor ama batarya yine de çabuk tükeniyor. 'Sakla samanı, gelir zamanı.' Belki de doğru bir ürün seçimi yapmadım.",0,customer_service,cs_01099,tr
Bu kadar pahalı bir cihazın böyle bir sorun çıkarması kabul edilemez! Gerçekten çok büyük bir hayal kırıklığı yaşıyorum.,0,customer_service,cs_01099,tr
"Merhaba, sesli görüşme yaparken mikrofonum çalışmıyor. Ne yapabilirim?",0,customer_service,cs_01067,tr
"Evet, kontrol ettim ama yine de çalışmıyor.",0,customer_service,cs_01067,tr
"Hayır, denemedim ama bunu yapacağım. Teşekkürler!",0,customer_service,cs_01067,tr
"Merhaba, tablet siparişimi takip etmekte sorun yaşıyorum. Teslimat hakkında bilgi alamıyorum.",0,customer_service,cs_01396,tr
Teslimatı nasıl takip edebilirim o zaman?,0,customer_service,cs_01396,tr
Ne kadar beklemem gerekecek?,0,customer_service,cs_01396,tr
"Hayır, bu yeterli değil. Teslimatın daha hızlı yapılmasını istiyorum.",0,customer_service,cs_01396,tr
"Merhaba, güncelleme sonrası uygulama sürekli çöküyor. Ne yapabilirim?",0,customer_service,cs_01061,tr
Daha önce denedim ama yine de aynı sorun devam ediyor.,0,customer_service,cs_01061,tr
"Anladım, bu adımları deneyeceğim. Eğer sorun devam ederse size tekrar ulaşırım.",0,customer_service,cs_01061,tr
"Merhaba, Acil Yardım Ekibi, umarım iyisinizdir. Bugün size yeni satın aldığım Samsung Galaxy S21 telefonumun ekranında beliren bir leke nedeniyle iade talebinde bulunmak istiyorum. Bu konuda yardımınızı rica ediyorum. Saygılarımla, Fikret",0,customer_service,cs_02605,tr
"Evet, hesabım aniden donduruldu, nedenini anlayamıyorum.",0,customer_service,cs_00569,tr
"Son işlemi dün yaptım, 200 TL tutarındaydı.",0,customer_service,cs_00569,tr
"Teşekkür ederim, çok rahatladım.",0,customer_service,cs_00569,tr
"Merhaba, abonelik iptali yapmak istiyorum ama çevrimiçi form çalışmıyor.",0,customer_service,cs_00548,tr
987654321.,0,customer_service,cs_00548,tr
Teşekkür ederim. Başka bir şey yapmam gerekiyor mu?,0,customer_service,cs_00548,tr
"Tamam, iyi çalışmalar.",0,customer_service,cs_00548,tr
Ürünü sipariş ettim ama kutu çok büyük geldi. Ürün bu kadar büyük değil.,0,customer_service,cs_01835,tr
Bu kadar büyük kutu gereksizdi. Çevreye daha duyarlı olmalısınız.,0,customer_service,cs_01835,tr
"Bir dahaki sefere, kutu boyutunu daha uygun seçin!",0,customer_service,cs_01835,tr
"Merhaba, yakın zamanda aldığım Sandviç Makinesi düzgün çalışmıyor. Garantiyi talep etmek ve bir yedek almak istiyorum. Sipariş numaram BB246811.",0,customer_service,cs_02003,tr
"Makine düzgün ısınmıyor. Sorunu gidermeye çalıştım, ama hâlâ düzgün çalışmıyor. Altı ay önce satın aldım.",0,customer_service,cs_02003,tr
"Peki, yedek ürünü ne zaman alırım? İade kargo ücretini ödemem gerekiyor mu?",0,customer_service,cs_02003,tr
Bu kadar yavaş işlem yapmanız kabul edilemez! Alt tarafı bir yedek ürün göndermek bu kadar zor olmamalı. Hayal kırıklığı yaşadım!,0,customer_service,cs_02003,tr
Aldığım bilgisayarın şarjı çok çabuk bitiyor! Bu kadar kötü bir batarya beklemiyordum!,0,customer_service,cs_01713,tr
Batarya süresi sinir bozucu ama bilgisayarın performansı gerçekten çok iyi. O yüzden değiştirmeyi düşünmüyorum.,0,customer_service,cs_01713,tr
"Bir dahaki sefere batarya konusunda bir sorun yaşarsam, iade etmeyi düşünebilirim. Ama şu an için memnunum.",0,customer_service,cs_01713,tr
"Sayın Tech Online Mağaza Teknik Desteği, Microsoft Surface Pro 7 cihazımın klavyesiyle ilgili bir sorun yaşıyorum. Cihaz hiçbir durumda klavyeyi tanımıyor. Birkaç sorun giderme adımını denedim ancak klavye hâlâ yanıt vermiyor. Nasıl devam edeceğim konusunda bana tavsiyede bulunabilir misiniz? Teşekkür ederim. Samimi olarak, Deniz+90 558 98404738523035635",0,customer_service,cs_01155,tr
Bu kadar basit bir bağlantı sorununun çözülmemesi gerçekten sinir bozucu. Cihazımı kullanamıyorum ve işlerim aksıyor. Daha hızlı bir çözüm bulmanızı istiyorum!,0,customer_service,cs_01155,tr
Yakın zamanda çamaşır makinesi siparişimi iptal ettim ve iade yöntemlerini öğrenmek istiyorum.,0,customer_service,cs_00022,tr
İadeyi nakit alabilir miyim?,0,customer_service,cs_00022,tr
Geri ödeme tutarını onaylayabilir misiniz?,0,customer_service,cs_00022,tr
"Anladım, nakit iade alamamak hayal kırıklığına uğrattı.",0,customer_service,cs_00022,tr
"Merhaba TrendyClothes Destek Ekibi, aldığım kıyafetlerden biri küçük geldi ve değişim yapmak istiyorum. Sipariş numaram XYZ123. Yeni bir bedenle değişim sağlanabilir mi? Bilgilendirmeleri e-posta veya telefon aracılığıyla alabilir miyim? Teşekkürler.",0,customer_service,cs_02102,tr
Ürünüm eksik geldi! Bu kadar büyük bir hata nasıl yapılır?,0,customer_service,cs_01785,tr
Eksik ürün mü? Gerçekten sabrım kalmadı! Bu kadar sorumsuz olunmaz!,0,customer_service,cs_01785,tr
"Merhaba, General Mobile GM 9 Pro telefonumu aldım ancak pil performansı beklediğimden düşük çıkıyor ve kamera netliği istediğim gibi değil. Değişim talebinde bulunmak istiyorum. Lütfen benimle iletişime geçin +90 563 6954883 bu konuyla ilgili. Teşekkür ederim, Elif",0,customer_service,cs_02647,tr
"Merhaba, Acme Elektronik, geçen hafta satın aldığım LG televizyonun uzaktan kumandası çalışmıyor. Ürünü değiştirmek istiyorum. Sipariş numaram <order_num>. Teşekkür ederim.",0,customer_service,cs_02566,tr
Aldığım kitaplar çok geç geldi. Siparişin durumu hakkında hiçbir bilgi alamadım.,0,customer_service,cs_01694,tr
Bu kadar uzun süren bir bekleyiş gerçekten sıkıcı. Bir daha böyle bir şey yaşamamak istiyorum.,0,customer_service,cs_01694,tr
Bundan sonra sipariş verirken daha dikkatli olacağım. Umarım bu sorun çözülür.,0,customer_service,cs_01694,tr
"Ürünüm harika geldi, ama bir şeyi değiştirmek istiyorum, yardımcı olabilir misiniz?",0,customer_service,cs_01790,tr
"Sadece rengini biraz daha açık bir tonla değiştirmek istiyorum, çok memnunum!",0,customer_service,cs_01790,tr
"Gerçekten çok teşekkür ederim, bu kadar hızlı ve nazik bir hizmet beklemiyordum.",0,customer_service,cs_01790,tr
"Merhaba, faturamda beklenmedik bir 'işlem ücreti' var. Bu ücreti gerçekten anlamıyorum, çünkü böyle bir hizmet almadım. Yardımcı olur musunuz?",0,customer_service,cs_00188,tr
Hesap numaram 998877665. Bu ücretin neden alındığını öğrenmek istiyorum çünkü hiç böyle bir şey talep etmedim.,0,customer_service,cs_00188,tr
"Teşekkür ederim, gerçekten çok hızlı bir çözüm sundunuz. Ama bu tür hatalar sinir bozucu olabiliyor.",0,customer_service,cs_00188,tr
"Merhaba sevgili Müşteri Hizmetleri, geçen hafta sipariş ettiğim ayakkabılarımı değiştirmek istiyorum. Maalesef yanlış beden sipariş vermişim. Yardımcı olabilir misiniz? Teşekkürler, İbrahim 8258481170 +90 599 1375823",0,customer_service,cs_02463,tr
Son siparişimle ilgili hızlı teslimat seçeneklerini görüşmek istiyorum.,0,customer_service,cs_01411,tr
Yakın zamanda bir meyve sıkacağı siparişi verdim ve acilen ihtiyacım var. Ancak daha hızlı bir teslimat seçeneği fark etmedim.,0,customer_service,cs_01411,tr
Sipariş numaram BB987654321. Daha hızlı teslimat seçenekleri konusunda yardımcı olabilir misiniz?,0,customer_service,cs_01411,tr
"Tamam, kontrol edin lütfen.",0,customer_service,cs_01411,tr
Bu gerçekten çok hayal kırıklığı yaratıcı! Acil ihtiyacım olan bir ürün için beklemek zorundayım.,0,customer_service,cs_01411,tr
"Merhaba, web sitenizden bir Meyve Sıkacağı/Mikser/Öğütücü satın aldım ancak düzgün çalışmıyor. İade etmek ve yenisini almak istiyorum.",0,customer_service,cs_01985,tr
Sipariş numaram BB789012. Ürün düzgün çalışmıyor ve yedeğe ihtiyacım var.,0,customer_service,cs_01985,tr
"Evet, harika. Ek ücretler hakkında bilgi verebilir misiniz?",0,customer_service,cs_01985,tr
Aynı Gün teslimatı tercih ediyorum.,0,customer_service,cs_01985,tr
"Hayır, teşekkür ederim. Yardımınız için teşekkürler.",0,customer_service,cs_01985,tr
"Merhaba, stokta olmayan bir ürünü sipariş etme şansım var mı?",0,customer_service,cs_01626,tr
"Akıllı saatlerden biri, marka X model Y.",0,customer_service,cs_01626,tr
Ön sipariş için ne yapmam gerekiyor?,0,customer_service,cs_01626,tr
Buradan halledersek daha kolay olur.,0,customer_service,cs_01626,tr
"Adresim XYZ Mahallesi, telefon numaram 05556667788.",0,customer_service,cs_01626,tr
"Çok teşekkürler, bu kadar hızlı beklemiyordum!",0,customer_service,cs_01626,tr
Siparişimle ilgili bir sorunum var. Sipariş numaram 123456 ve iki farklı satıcıdan bir Akıllı Saat sipariş ettim. Ancak iki ayrı teslimat aldım ve bunlardan biri eksik.,0,customer_service,cs_01430,tr
"Tabii, lütfen hızlı olun.",0,customer_service,cs_01430,tr
Bu kabul edilemez. Saate bugün ihtiyacım var. Yarın bir toplantım var ve saati takmam gerekiyor.,0,customer_service,cs_01430,tr
"Tamam, ancak bu tür durumlar gerçekten sinir bozucu. Daha iyi bir teslimat süreci olmasını beklerdim.",0,customer_service,cs_01430,tr
"Hayır, teşekkür ederim. Umarım sorun bir an önce çözülür.",0,customer_service,cs_01430,tr
Faturamda 'kredi kartı işlem ücreti' görünüyor. Ancak ben kredi kartı kullanmadım. Neden böyle bir ücret alındı?,0,customer_service,cs_00288,tr
Hesap numaram 135792468. Bu ücretin neden alındığını anlamak istiyorum!,0,customer_service,cs_00288,tr
"Teşekkür ederim, hızlıca çözüm sunduğunuz için memnun oldum. Bir daha böyle bir sorunla karşılaşmak istemiyorum.",0,customer_service,cs_00288,tr
"Merhaba, hesap şifremi unuttum ve sıfırlamak istiyorum.",0,customer_service,cs_00574,tr
"Tabii, doğum tarihim 05.05.1985.",0,customer_service,cs_00574,tr
Bağlantıyı aldım ve şifremi sıfırladım. Çok teşekkürler!,0,customer_service,cs_00574,tr
"Hayır, bu kadar yeterli. İyi günler dilerim.",0,customer_service,cs_00574,tr
"Merhaba, akıllı televizyonumda YouTube uygulamasını açmaya çalışıyorum ama sürekli 'Bağlantı hatası' uyarısı alıyorum. İnternetim çalışıyor ama bu sorunu çözemiyorum.",0,customer_service,cs_01255,tr
Hera Software 8.40 projemdeki sorun durumunu değiştiremiyorum. Bu iş akışımı ciddi şekilde aksatıyor ve sinir bozucu bir durum! Lütfen hemen çözüm bulun!,0,customer_service,cs_01085,tr
Bu izinleri kontrol ettim ve hala bir çözüm bulamıyorum. Daha hızlı ve kesin bir çözüm sunmanız gerekiyor!,0,customer_service,cs_01085,tr
"Tabii ki gerekli bilgileri paylaşacağım, ancak bu kadar temel bir sorunun çözülmemesi çok hayal kırıklığı yaratıyor!",0,customer_service,cs_01085,tr
"Faturama 'abonelik ücreti' eklenmiş, ama ben abonelik başlatmadım. Bu ücretin nedeni nedir?",0,customer_service,cs_00312,tr
Hesap numaram 9988776655. Aboneliği iptal edin ve fazla ücreti iade edin.,0,customer_service,cs_00312,tr
"Teşekkür ederim. Ancak, abonelik yenilemelerinde daha dikkatli olmanız gerektiğini düşünüyorum.",0,customer_service,cs_00312,tr
"Merhaba, aldığım siyah çantada bir hasar var. Bu ürünü iade etmek istiyorum. Yardımcı olabilir misiniz?",0,customer_service,cs_02108,tr
"Sayın Teknik Çevrimiçi Mağaza Müşteri Desteği, HP DeskJet 3755 cihazımı uzun süredir kullanamıyorum çünkü yazıcı kağıt besleme sorunları yaşıyor. Ancak hala bu sorun çözülmedi ve oldukça rahatsız edici!",0,customer_service,cs_01203,tr
"Daha fazla vakit kaybetmek istemiyorum, bir an önce çözüm bekliyorum. Bu kadar beklemek oldukça sinir bozucu!",0,customer_service,cs_01203,tr
Ürünü aldım ama açıklamalarda yazan özelliklerden bazıları eksikti. Neden böyle?,0,customer_service,cs_01822,tr
Bu kadar büyük bir hata nasıl yapılır? Bunu nasıl telafi edeceksiniz?,0,customer_service,cs_01822,tr
"Bir dahaki sefere, açıklamalar daha net olmalı!",0,customer_service,cs_01822,tr
"Merhaba sevgili Rüya Moda Destek Ekibi, sipariş ettiğim Mavi Elbise bedeni biraz büyük geldi, bunun için bir iade talebinde bulunmak istiyorum. Giysiyle ilgili herhangi bir sorun yok, sadece bedenimle uyuşmuyor maalesef. Yardımcı olabilir misiniz? Teşekkürler, <isminiz>",0,customer_service,cs_02570,tr
"Merhaba, bilgisayarımın ekranı ara sıra titriyor ve gözlerimi oldukça yoruyor. Bunun sebebi ne olabilir?",0,customer_service,cs_01256,tr
İnternet servisim kesildi ve hiç memnun değilim!,0,customer_service,cs_00645,tr
"İstanbul, numara 12345.",0,customer_service,cs_00645,tr
Bunu bilmem gerekiyordu.,0,customer_service,cs_00645,tr
"Tamam, kaydolacağım. Teşekkürler.",0,customer_service,cs_00645,tr
Ödeme planımda sorun var. Ödemelerim doğru şekilde yansıtılmamış.,0,customer_service,cs_00400,tr
12345678.,0,customer_service,cs_00400,tr
"Çok teşekkürler, şimdi her şey düzgün görünüyor.",0,customer_service,cs_00400,tr
"Evet, siparişim başka bir adrese gitmiş. Bu durumu nasıl düzeltebilirim?",0,customer_service,cs_01568,tr
78965412.,0,customer_service,cs_01568,tr
"Tabii, Atatürk Mah. 123 Sok. No: 45, İstanbul.",0,customer_service,cs_01568,tr
Umarım bu durum bir daha yaşanmaz. Teşekkürler.,0,customer_service,cs_01568,tr
Şimdilik bu kadar.,0,customer_service,cs_01568,tr
"Merhaba, geçen hafta aldığım kot pantolonun bedeni biraz büyük geldi. Değişim yapabilir miyim? Yardımcı olur musunuz? Sipariş numaram 6724725462 . Teşekkür ederim, Baran , +90 555 3471371 .",0,customer_service,cs_02521,tr
"Merhaba, bir BP monitörüm var ama teslimat tekrar denenmedi ve siparişimi takip edemiyorum, bu durum beni gerçekten bezdirdi.",0,customer_service,cs_01358,tr
"Sipariş numaram BB123456 ve güncel adresim 1234 Main Street. 
Uzman: Anladım, adresinizi güncelledim ve yeni bir teslimat denemesi başlatacağız. Siparişinizi önümüzdeki iki iş günü içinde al",0,customer_service,cs_01358,tr
"Sayın Müşteri Hizmetleri, HP DeskJet 3755 cihazımla sorunlar yaşıyorum. Wi-Fi bağlantısı zayıf ve sık sık kağıt sıkışması yaşanıyor. Değişim talebinde bulunmak istiyorum. Lütfen benimle iletişime geçin+90 593 2358409 bu konuyla ilgili. Teşekkürler,Seda.",0,customer_service,cs_02688,tr
"Merhaba, yazılımı kurmaya çalışıyorum ama sürekli 'yükleme dosyası eksik' hatası alıyorum.",0,customer_service,cs_01037,tr
"Hayır, kontrol etmedim.",0,customer_service,cs_01037,tr
"Merhaba Müşteri Hizmetleri, Samsung Galaxy S10 telefonumda sorunlar yaşıyorum ve işlemi tamamlamakta zorlanıyorum. Badem AH series kulaklıkla eşleştirme yapamıyorum ve cam yüzeyde çatlaklar oluştu. İltimas ediyorum, iade veya değişim yapabilir miyiz? İşte benim irtibat numaram: +90 515 6940819. Evvela, bilgilendirme için arayabilir misiniz? Teşekkür ederim, Rabia",0,customer_service,cs_02398,tr
Web sitenizden bir monitör satın aldım ve hesabımdaki e-posta adresini değiştirmem gerekiyor.,0,customer_service,cs_00480,tr
E-posta sağlayıcımı değiştirdim ve web sitenizdeki e-posta adresimi güncellemek istiyorum.,0,customer_service,cs_00480,tr
Cep telefonu numaram 123-456-7890 ve e-posta adresim johndoe@example.com.,0,customer_service,cs_00480,tr
"Tamam, sorun değil.",0,customer_service,cs_00480,tr
Kod 123456.,0,customer_service,cs_00480,tr
Yeni e-posta adresim johndoe2@example.com.,0,customer_service,cs_00480,tr
"Merhaba, DSLR kameramı onarım için servise gönderdim ancak reddettiler. Neden olduğunu ve ne yapabileceğimi anlamak istiyorum.",0,customer_service,cs_00959,tr
Sipariş numaram BB789012 ve e-posta adresim janedoe@email.com.,0,customer_service,cs_00959,tr
Hasarın garanti kapsamında olmadığını ve ödeme yapmam gerektiği söylendi.,0,customer_service,cs_00959,tr
Kamera lensi düştü ve çalışmıyor.,0,customer_service,cs_00959,tr
"Sayın Mobil Teknik Destek Ekibi, Yeni satın aldığım Vivo X60 model telefonumun ekranında bir piksel hatası olduğunu fark ettim. Bu nedenle cihazın değişimini talep ediyorum. Değişim süresi içerisinde fark ettim. Lütfen bu değişimi işleme koymak için sonraki adımlar hakkında beni bilgilendirin. Teşekkür ederim, Fadime, 8794276566, +90 561 7764825",0,customer_service,cs_02513,tr
Ürün sipariş ettim ama hala gönderilmedi. Siparişimle ilgili bir güncelleme alamıyorum.,0,customer_service,cs_01847,tr
Bu kadar uzun süre beklemek kabul edilemez. Siparişimi hızlandırmalısınız.,0,customer_service,cs_01847,tr
"Bir dahaki sefere, daha hızlı teslimat yapın!",0,customer_service,cs_01847,tr
"Merhaba, faturamda herhangi bir sürpriz ücretle karşılaşmadım ve ödeme işlemi çok hızlıydı. Bu kadar kolay bir deneyim yaşamak gerçekten çok güzel!",0,customer_service,cs_00193,tr
"Hayır, şu an her şey çok iyi. Gerçekten çok teşekkür ederim!",0,customer_service,cs_00193,tr
"Merhaba John, çok sinirliyim. Fırın Tost Izgaralarımın teslim edildiğine dair bir bildirim aldım ancak bulamıyorum.",0,customer_service,cs_01949,tr
"Evet, almadım. Nerede olabilir?",0,customer_service,cs_01949,tr
Kimse paketi görmemiş.,0,customer_service,cs_01949,tr
Bu süreç gerçekten çok sinir bozucu. Yeni bir ürün gönderilmesini istiyorum.,0,customer_service,cs_01949,tr
"Siparişim hızlı ve düzgün bir şekilde geldi, çok memnun kaldım.",0,customer_service,cs_01601,tr
Organik pamuktan üretilmiş tişörtleriniz çok kaliteli.,0,customer_service,cs_01601,tr
"Bu çok iyi olur, teşekkür ederim.",0,customer_service,cs_01601,tr
"Merhaba, geçen ay faturalandırıldığımı düşündüğüm Spotify Premium aboneliğim için bu ay yeniden fatura aldım. Bu durumu çözebilir misiniz? Teşekkürler.",0,customer_service,cs_00100,tr
M1 MacBook Air cihazım uyku moduna geçtiğinde geri dönmüyor. Bu sorun beni işimden alıkoyuyor.,0,customer_service,cs_01146,tr
Söylediklerinizi denedim ama sorun devam ediyor. 'Ucuz etin yahnisi yavan olur.' Daha etkili bir çözüm istiyorum.,0,customer_service,cs_01146,tr
Bu kadar pahalı bir cihazın bu tür temel bir sorun yaşatması kabul edilemez. Daha kalıcı bir çözüm bekliyorum!,0,customer_service,cs_01146,tr
"Merhaba, hesabımdaki son işlemi iptal etmek istiyorum.",0,customer_service,cs_00644,tr
445566.,0,customer_service,cs_00644,tr
Bu kadar kötü bir hizmeti daha önce hiç görmedim! Ürünüm eksik geldi ve kimse ilgilenmiyor!,0,customer_service,cs_01766,tr
Ne kadar bekleyeceğim? Bu kadar eksik ürünle ne yapacağım? İlgilenmiyorsunuz bile!,0,customer_service,cs_01766,tr
"Bir daha böyle bir şey yaşarsam, gerçekten sizi şikayet edeceğim! Ne kadar sorumsuzsunuz!",0,customer_service,cs_01766,tr
"Merhaba, satın aldığım bilgisayar monitörü doğru çalışmıyor ve iade etmek istiyorum.",0,customer_service,cs_02043,tr
Monitör doğru renkleri göstermiyor ve çözünürlük de beklediğim gibi değil.,0,customer_service,cs_02043,tr
Bu monitörü sizden aldım ve düzgün çalışmıyor. Bu benim hatam değil.,0,customer_service,cs_02043,tr
"Bu kabul edilemez, bu monitör için çok para harcadım ve düzgün çalışmıyor. Ne yapabilirim?",0,customer_service,cs_02043,tr
"Merhaba John, buzdolabım soğutmuyor. Onarım talebinde bulundum ama servis merkezi reddetti. Gerçekten çok sinirliyim. Bu tam bir rezalet!",0,customer_service,cs_00942,tr
"Sipariş numaram #987654321, e-postam xyz@gmail.com.",0,customer_service,cs_00942,tr
"Evet, öyle dediler. Hiç memnun değilim!",0,customer_service,cs_00942,tr
Tamam ama şu an moralim çok bozuk. Çok kötü bir durum.,0,customer_service,cs_00942,tr
"Peki, ne kadar?",0,customer_service,cs_00942,tr
"Merhaba, bilgisayarımda ekranın alt kısmında ince bir çizgi görünmeye başladı. Ekranda herhangi bir renk kayması da oluyor. Bu donanım kaynaklı bir sorun olabilir mi?",0,customer_service,cs_01352,tr
Sürücüyü güncelledim ve çözünürlük ayarlarını değiştirdim ama sorun hala devam ediyor.,0,customer_service,cs_01352,tr
"Ekran başka bir bilgisayara bağlandığında aynı sorun devam etti, o zaman ekranın arızalı olduğunu düşünüyorum.",0,customer_service,cs_01352,tr
"Selamın Aleyküm, Tech Digital Store, Samsung Galaxy A51 aldım fakat batarya ömrü beklediğimden daha kısa. Teknik destek yardımcı olamadığı için iade talebinde bulunmak istiyorum. Sipariş numaram <order_num>. Saygılarımla.",0,customer_service,cs_02329,tr
Hesap limitimi kontrol etmek istiyorum. Bu ay birkaç ödeme yaptım ve limitimin yeterli olup olmadığını merak ediyorum.,0,customer_service,cs_00425,tr
Kart numaramın son dört hanesi 8923.,0,customer_service,cs_00425,tr
"Harika. Peki, limitimi artırma imkanım var mı?",0,customer_service,cs_00425,tr
Çok iyi olur. Hangi belgelere ihtiyacım var?,0,customer_service,cs_00425,tr
"Tamamdır, formu hemen dolduracağım. Teşekkür ederim.",0,customer_service,cs_00425,tr
"Hayır, şimdilik bu kadar. İyi günler.",0,customer_service,cs_00425,tr
Bu kadar kötü bir ürün nasıl satılır? Ürünüm bozuk geldi!,0,customer_service,cs_01776,tr
Bu kadar basit bir şeyin nasıl bozuk olabileceğini anlamıyorum! Ne kadar sorumsuzsunuz!,0,customer_service,cs_01776,tr
"Merhaba, web sitenizden bir Asus monitörü satın aldım ve kurulumunda sorun yaşıyorum.",0,customer_service,cs_00977,tr
"Medisana marka bir Asus monitörü satın aldım, ancak kurulumunu gerçekleştiremiyorum.",0,customer_service,cs_00977,tr
Kılavuzdaki talimatları izledim ancak başarılı olamadım.,0,customer_service,cs_00977,tr
"Teşekkür ederim, yardımınızı bekliyorum.",0,customer_service,cs_00977,tr
"Evet, tüm bunları kontrol ettim.",0,customer_service,cs_00977,tr
"Merhaba, firmaınızdan Samsung Galaxy S21 Ultra cep telefonu satın aldım fakat ekranında bir sorun var. İade ya da değişim sürecini nasıl başlatabilirim? Sipariş numaram 2880310507. Yardımcı olabilir misiniz?Duygu, +90 553 8376852.",0,customer_service,cs_02333,tr
"Merhaba Müşteri Destekleri, Lenovo IdeaPad 330'umla ilgili sorun yaşıyorum. Klavye fonksiyonları düzgün çalışmıyor ve sürekli olarak aşırı ısınıyor. İade talebinde bulunmak istiyorum. Lütfen benimle bu numaradan iletişime geçin: +90 586 2304645 bu konu hakkında yardımcı olabilir misiniz? Teşekkürler, Güven",0,customer_service,cs_02367,tr
"Merhaba sevgili Tech Online Store Desteği, geçen hafta satın aldığım Bose Noise Cancelling 700 kulaklıklarımın iadesini yapmak istiyorum. Ürün beklediğim performansı göstermiyor ve gürültü engelleme özelliği düzgün çalışmıyor. İade süreci hakkında yardımcı olabilir misiniz? Teşekkürler, Ayşe.",0,customer_service,cs_02510,tr
"Merhaba, evet. E-posta bildirim ayarlarımı güncellemek istiyorum.",0,customer_service,cs_00551,tr
Aslında tüm bildirimleri kapatmak istiyorum.,0,customer_service,cs_00551,tr
Ürünüm 1 ayda ancak geldi! Bu kadar bekletmek nedir?,0,customer_service,cs_01779,tr
1 ay! Bu kadar uzun sürede bir şeyin gelmesi kabul edilemez!,0,customer_service,cs_01779,tr
"Bir daha asla buradan alışveriş yapmam, gerçekten çok sinir bozucu!",0,customer_service,cs_01779,tr
"Merhaba Mark, web sitenizden bir Akıllı Bileklik sipariş etmiştim ancak iptal edemiyorum. Yardımcı olabilir misiniz?",0,customer_service,cs_02014,tr
"Tabii, #123456.",0,customer_service,cs_02014,tr
Anladım. İade süreci hakkında bilgi alabilir miyim?,0,customer_service,cs_02014,tr
Yanlış ürünü aldım. Umarım bu tür hatalar tekrarlanmaz.,0,customer_service,cs_02014,tr
"Web sitenizden satın aldığım bir dizüstü bilgisayarın garanti ayrıntılarını kontrol etmek istiyorum, yardımcı olabilir misiniz?",0,customer_service,cs_01500,tr
Sipariş numaram 789012 ve model ABC.,0,customer_service,cs_01500,tr
"""Siparişlerim"" bölümünü bulmakta zorlanıyorum, yardımcı olur musunuz?",0,customer_service,cs_01500,tr
"Merhaba John, geçen hafta bir Sandviç Makinesi siparişi verdim ve henüz faturamı almadım.",0,customer_service,cs_00004,tr
"Elbette, #345678901.",0,customer_service,cs_00004,tr
"Teşekkürler, John.",0,customer_service,cs_00004,tr
"Kontrol edeyim. (Birkaç dakika sonra) Buldum, çok teşekkürler, John!",0,customer_service,cs_00004,tr
"Hayır, tekrar teşekkürler.",0,customer_service,cs_00004,tr
"Merhabalar, Müşteri Hizmetleri. Sony VAIO fit laptopum çalışmıyor. Sistem hatası tekrar tekrar hata mesajı gönderiyor ve sıklıkla 'Blue Screen' hatası alıyorum. Bu durumla ilgili bir çözüm bulamıyorum ve cihazımı değiştirmek ya da iade etmek istiyorum. Destek için benimle iletişime geçin +90 531 8996676 Teşekkürler. 
Cemil",0,customer_service,cs_02296,tr
"Merhaba, banka kartıma yanlışlıkla bir ücret yansıtılmış. Bu ücretin iadesini talep ediyorum ve yardımınızı bekliyorum. Teşekkürler.",0,customer_service,cs_02094,tr
"Merhaba, son aldığım şarj cihazını hızlı şarj etmeye çalıştığımda aşırı derecede ısındığını fark ettim. Ürünü iade etmek istiyorum. Sipariş numaram 5522776315. Teşekkürler, Tayyar, +90 597 5507384.",0,customer_service,cs_02501,tr
"Bir Sony marka kamera sipariş ettim, siparişimi takip etmek için kurye hizmeti sağlayıcısıyla nasıl iletişime geçebileceğimi öğrenmek istiyorum.",0,customer_service,cs_00496,tr
Sipariş numarası #BB123456.,0,customer_service,cs_00496,tr
"Çok teşekkür ederim, çok yardımcı oldunuz.",0,customer_service,cs_00496,tr
"Merhaba Yasemin Hanım, bilgisayarım için yeni bir SSD aldım ve mevcut verilerimi ona aktarmak istiyorum.",0,customer_service,cs_00995,tr
"Evet, uyumluluk tamam. Yedekleme için bir harici disk kullanmayı düşünüyorum. Bu doğru bir yöntem mi?",0,customer_service,cs_00995,tr
"Teşekkürler, şimdi daha güvenle ilerleyebilirim.",0,customer_service,cs_00995,tr
Ürün siparişi verdim ama geldiğinde tamamen farklı bir ürün çıktı. Bu nasıl olabilir?,0,customer_service,cs_01880,tr
Bu kadar basit bir hata nasıl yapılır? Gerçekten çok sinirliyim.,0,customer_service,cs_01880,tr
Bundan sonra başka bir yerden alışveriş yapacağım. Bu kadar büyük bir hata kabul edilemez.,0,customer_service,cs_01880,tr
Aslında tam olarak değil. Yenileme için çağrı aldım ama fiyatların artmış olduğunu görüyorum.,0,customer_service,cs_00518,tr
Sadece eski fiyatı geri istiyorum. Mümkün mü bu?,0,customer_service,cs_00518,tr
Bu gerçekten sinir bozucu. Fiyatları arttırmadan önce bilgilendirme yapsanız keşke.,0,customer_service,cs_00518,tr
"Merhaba, mağazanızdan MacBook Air M1 aldım ve makinenin dokunmatik yüzeyinde bir kusur buldum. Lütfen iade sürecinde bana yardımcı olun. Sipariş numaram5884365265. Teşekkürler,Bora,+90 529 6954443.",0,customer_service,cs_02687,tr
"Merhaba, adım Mike. Bir tavan vantilatörü sipariş ettim ve iade politikasını bilmem gerekiyor.",0,customer_service,cs_02051,tr
"Anladım, teşekkürler. Bir de, web sitendeki ürün etiketleri hakkında bilgi verir misin?",0,customer_service,cs_02051,tr
Ürün sipariş ettim ama bu kadar düşük kaliteli bir şey beklemiyordum. Neden bu kadar kötü?,0,customer_service,cs_01834,tr
Bu kadar kötü bir ürün göndermeniz gerçekten çok kötü bir deneyim.,0,customer_service,cs_01834,tr
"Bir dahaki sefere, daha kaliteli ürünler göndermelisiniz!",0,customer_service,cs_01834,tr
Aldığım elektrikli süpürge çok gürültülü çalışıyor. Bu nasıl bir kalite kontrol?,0,customer_service,cs_01696,tr
Bu kadar parayı verip bu kadar kötü bir ürün almak beni gerçekten hayal kırıklığına uğrattı.,0,customer_service,cs_01696,tr
Bundan sonra bu markadan alışveriş yapmayı düşünmüyorum.,0,customer_service,cs_01696,tr
"Merhaba, üyelik programınızda biriken puanlarımı nasıl kullanacağımı öğrenmek istiyorum.",0,customer_service,cs_01630,tr
Puanlarımı ne kadar süre içinde kullanmam gerekiyor?,0,customer_service,cs_01630,tr
"Harika, bunu düşüneceğim. Teşekkürler.",0,customer_service,cs_01630,tr
Ürün geldi ama çok ses yapıyor. Ne yapmalıyım? Bu kadar gürültü olmalı mı?,0,customer_service,cs_01821,tr
Bu kadar gürültü gerçekten rahatsız edici. Ne yapmalıyım?,0,customer_service,cs_01821,tr
"Bir dahaki sefere, sessiz bir şey gönderdiğinizden emin olun!",0,customer_service,cs_01821,tr
"Merhaba, sürekli tarayıcı hatası alıyorum. Bazı web sitelerine erişemiyorum.",0,customer_service,cs_01050,tr
"Hayır, bunları yapmadım.",0,customer_service,cs_01050,tr
"Tamam, DNS ayarlarını nasıl değiştirebilirim?",0,customer_service,cs_01050,tr
"Çok teşekkürler, hemen deniyorum.",0,customer_service,cs_01050,tr
"Merhaba, bilgisayarımı başlattığımda bir 'disk hata' mesajı alıyorum ve bilgisayarım başlatılamıyor. Ne yapmalıyım?",0,customer_service,cs_01354,tr
Güvenli modda bilgisayarımı başlattım ama disk hatası devam ediyor ve bilgisayarım başlatılamıyor.,0,customer_service,cs_01354,tr
"Merhaba, masaüstü uygulaması ile mobil uygulama arasında farklılıklar görüyorum. Bazı veriler senkronize olmuyor.",0,customer_service,cs_01043,tr
"Evet, aynı hesapla giriş yaptım.",0,customer_service,cs_01043,tr
"Tamam, ayarları gözden geçireceğim. Eğer hâlâ sorun olursa?",0,customer_service,cs_01043,tr
Teşekkürler.,0,customer_service,cs_01043,tr
Oturum açarken 'Bu hesap başka bir cihazda açık' uyarısı alıyorum. Bu uyarıyı nasıl kaldırabilirim?,0,customer_service,cs_00835,tr
İki gün önce yaptığım işlem iptal edildi ama nedenini anlamadım. Bilgi alabilir miyim?,0,customer_service,cs_00365,tr
"İşlem numarası 456789123, tarih 15.10.2024.",0,customer_service,cs_00365,tr
"Anladım, güvenlik için iyi olmuş. Ne yapmam gerekiyor şimdi?",0,customer_service,cs_00365,tr
"Tamam, hazırım.",0,customer_service,cs_00365,tr
"Çok teşekkür ederim, yardımınız için.",0,customer_service,cs_00365,tr
"Merhaba, aldığım elektrikli süpürgenin çekim gücü çok zayıf. Sanki çalışmıyor gibi.",0,customer_service,cs_01650,tr
"Bu kadar para verdim, böyle bir sorun yaşamayı beklemiyordum. Güvenim sarsıldı.",0,customer_service,cs_01650,tr
"Tamam, ama bu süreç beni çok yordu. Daha dikkatli olmalısınız.",0,customer_service,cs_01650,tr
"Selamlar, bir hafta önce sizden bir Samsung S21 telefon satın aldım. Ancak, kamera çözünürlüğü beklentilerimi karşılamadı. Cihazı iade veya değiştirmek istiyorum. İlgili formülleri nasıl yapacağım konusunda bana yardımcı olabilir misiniz? Sipariş numaram <ibe_num>. Çok teşekkür ederim, <fatih> ,<0544_seri_no>.",0,customer_service,cs_02261,tr
"Merhaba, önceki siparişimle ilgili bir sorunum var. Su arıtma cihazı için fatura alamıyorum, bunlara ihtiyacım var. Ancak web sitenizde bulamıyorum.",0,customer_service,cs_00009,tr
rachel@email.com.,0,customer_service,cs_00009,tr
"Teşekkürler, ancak iki kez ücretlendirildiğimi fark ettim. Bunun nedeni nedir?",0,customer_service,cs_00009,tr
"Tamam, teşekkür ederim.",0,customer_service,cs_00009,tr
"Selam, elektrikli pişirici için mobil uygulamada cep telefonumla oturum açamıyorum.",0,customer_service,cs_00968,tr
"Evet, yaptım.",0,customer_service,cs_00968,tr
Denedim ama hala giriş yapamıyorum.,0,customer_service,cs_00968,tr
"Merhaba, BrownBox'tan aldığım hava soğutucuyu iade ettim ama para hesabıma geri yatırılmadı. Sipariş numaram: BB123456789.",0,customer_service,cs_00010,tr
"Evet, verdiğim banka bilgileri doğru.",0,customer_service,cs_00010,tr
"Tamam, geri ödemeye acilen ihtiyacım var. Başka bir yardıma gerek yok, teşekkürler.",0,customer_service,cs_00010,tr
"Merhaba Müşteri Hizmetleri, size sağlık ve esenlikle ulaştığımı umuyorum. Yaklaşık üç hafta önce aldığım iPhone 12 Pro Max telefonum aniden kapandı ve bir daha açılmadı. Bu durumdan dolayı ürünün iadesini ya da değişimini talep etmek istiyorum. Hızlı dönüşünüzü bekliyorum, saygılarımla, Ali Rıza",0,customer_service,cs_02355,tr
Aldığım telefon aksesuarı uyumsuz çıktı. Neden ürünleriniz bu kadar kontrolsüz?,0,customer_service,cs_01697,tr
Bu kadar basit bir şeyin kontrol edilmemesi beni gerçekten sinirlendirdi.,0,customer_service,cs_01697,tr
Umarım bir daha böyle bir şey yaşamam. Bu kadar zahmetli olmamalı.,0,customer_service,cs_01697,tr
"Merhaba, internet bağlantım sürekli kesiliyor. Bir türlü stabil çalışmıyor.",0,customer_service,cs_01011,tr
"Evet, bağlantı ışığı bazen kırmızı oluyor.",0,customer_service,cs_01011,tr
"Evet, defalarca denedim ama işe yaramadı.",0,customer_service,cs_01011,tr
"Tamam, servis sağlayıcımı arayacağım. Teşekkürler.",0,customer_service,cs_01011,tr
"Merhaba, geçen hafta mağazanızdan bir spor ayakkabı satın aldım, ancak maalesef birkaç giyme denemesinden sonra ayakkabının tabanında aşınma olduğunu fark ettim. İade veya değişim süreci hakkında yardımcı olabilir misiniz? Sipariş numaram 6047003337, İsmim Ferhat, İletişim numaram +90 582 7805636. Teşekkürler.",0,customer_service,cs_02507,tr
"Evet, siparişimi yanlış bir adrese göndermişsiniz.",0,customer_service,cs_01602,tr
456789012.,0,customer_service,cs_01602,tr
"Peki, bu ne kadar sürecek?",0,customer_service,cs_01602,tr
"Tamam, bekleyeceğim. Teşekkürler.",0,customer_service,cs_01602,tr
"Merhaba, bir süredir stokta olmayan bir ürününüzü takip ediyorum. Bu ürün tekrar ne zaman stoklarınıza gelir?",0,customer_service,cs_01616,tr
"Evet, ABC123 model numaralı kablosuz kulaklık.",0,customer_service,cs_01616,tr
"Evet, çok iyi olur. Stok bildirimi nasıl yapılacak?",0,customer_service,cs_01616,tr
SMS tercih ederim. Telefon numaram sisteminizde kayıtlı olmalı.,0,customer_service,cs_01616,tr
"Harika, bu süreçte başka bir şey yapmama gerek var mı?",0,customer_service,cs_01616,tr
"Hayır, teşekkür ederim. Bekleyeceğim.",0,customer_service,cs_01616,tr
"Merhaba, faturamda 'ekstra hizmet' adı altında bir ücret görünüyor. Bu ücretin ne olduğunu anlamadım, lütfen açıklayabilir misiniz?",0,customer_service,cs_00203,tr
Hesap numaram 5551234567. Bu ücretin nedenini öğrenmek istiyorum çünkü hiç böyle bir hizmet talep etmedim.,0,customer_service,cs_00203,tr
"Çok teşekkür ederim, gerçekten istemediğim bir hizmetti. Umarım bu tür hatalar tekrar olmaz.",0,customer_service,cs_00203,tr
"Merhaba, mobil uygulamada QR kod taratmaya çalışıyorum ama kodu okuyamıyor.",0,customer_service,cs_01065,tr
"Evet, yeterli ışık var ama yine de tarama başarısız oluyor.",0,customer_service,cs_01065,tr
"Evet, izinler açık.",0,customer_service,cs_01065,tr
"Tamam, bunu deneyeceğim. Teşekkürler!",0,customer_service,cs_01065,tr
"Merhaba, kredi kartı limitimi artırmak istiyorum. İş değişikliği yaptım, yeni gelirimi bildirecektim.",0,customer_service,cs_00346,tr
"Harika, ekledikten sonra ne kadar süre beklemem gerekiyor?",0,customer_service,cs_00346,tr
"Merhaba, Canon PIXMA MG3620 cihazımda kablosuz yazdırmayı denerken bağlantı sorunları yaşıyorum. Bu ünitenin iadesini veya değişimini talep etmek istiyorum. Lütfen bu süreçte bana yardımcı olun. Teşekkür ederim.",0,customer_service,cs_02680,tr
"Yeni aldığım akıllı kahve makinesi, mobil uygulama ile bağlantı kurmakta zorlanıyor. Bu kadar ileri teknoloji bir cihazda böyle bir sorun olmamalı!",0,customer_service,cs_01095,tr
"Bunları yaptım ama yine bağlantı yok. 'İş bilenin, kılıç kuşananın.' Daha etkili bir çözüm bekliyorum.",0,customer_service,cs_01095,tr
Bu kadar pahalı bir ürünün bu kadar basit bir sorunla baş edememesi hayal kırıklığı yaratıyor. Sabırsızlıkla çözüm bekliyorum!,0,customer_service,cs_01095,tr
"Faturamda 'ekstra hizmet' ücreti görünüyor, ancak ben böyle bir hizmet talep etmedim. Lütfen açıklayın!",0,customer_service,cs_00280,tr
"Hesap numaram 123456789. Bu ücreti gerçekten istemedim, lütfen iptal edin!",0,customer_service,cs_00280,tr
"Teşekkür ederim, çok hızlı bir şekilde ilgilendiniz. Bu tür şeylerin bir daha yaşanmaması için bir şeyler yapmanız iyi olur.",0,customer_service,cs_00280,tr
"Merhaba Tech Online Store, kısa süre önce satın aldığım HP Spectre x360'ın bataryası çok çabuk bitiyor. Bu durumu acilen çözmenizi rica ediyorum. Sipariş numaram <order_num> . Bana ulaşmak için <email> veya +90 562 5116151 numaralarını kullanabilirsiniz. Saygılarımla, Furkan",0,customer_service,cs_02268,tr
"Merhaba, geçen hafta aldığım blender çalışmıyor. Çok kötü bir deneyim yaşıyorum ve hayal kırıklığı içindeyim. Bu konuda ne yapabilirsiniz?",0,customer_service,cs_01091,tr
Bu kadar basit bir cihazın düzgün çalışmaması inanılmaz sinir bozucu. Ürününüz güvenilir değilmiş gibi hissediyorum!,0,customer_service,cs_01091,tr
"Merhaba, Acme Giyim Mağazası. Dün aldığım kot pantolonun bedeni bana uygun gelmedi. İade etmek istiyorum. Sipariş numaram <order_num>. Teşekkür ederim.",0,customer_service,cs_02627,tr
"Merhaba, Teknik Destek Ekibi. Geçen hafta satın aldığım Bose 700 kulaklığımın bir kulaklığından ses gelmiyor. Sipariş numaram <order_num>. Lütfen bir değişim işlemi için yardımcı olabilir misiniz? Ayrıca, daha fazla detay için benimle iletişime geçebilirsiniz <email> veya +90 500 7543355. Teşekkürler, Murat Can",0,customer_service,cs_02529,tr
Visual Studio Code 1.70 güncellemesinden sonra uzantılar yüklenmiyor ve projelerimi aksatıyor. Lütfen yardım edin!,0,customer_service,cs_01156,tr
Yaptığınız öneriler bir sonuç vermedi. 'Bozuk saat bile günde iki kez doğruyu gösterir.' Daha etkili bir çözüm istiyorum!,0,customer_service,cs_01156,tr
"Merhaba, Philips Sonicare diş fırçamın şarjı çok çabuk bitiyor ve performansı düşüyor. Bir değişim yapmak istiyorum. Lütfen benimle şu adresten iletişime geçin: <email> bu konuyla ilgili olarak. Teşekkürler, Ayşe K.",0,customer_service,cs_02564,tr
"Merhaba, iki gün önce aldığım kıyafetimin bedeni bana uygun değil. Değişim yapabilir miyim? Sipariş numaram <order_num>, detaylı iletişim bilgilerim aşağıda mevcuttur.",0,customer_service,cs_02166,tr
"Merhaba sevgili Moda Trendy Destek ekibi, son aldığım siyah deri ceketin bedeninin bana uymadığını fark ettim ve bu nedenle değişim talebinde bulunmak istiyorum. Yardımcı olabilir misiniz? Teşekkürler, Kübra, <order_num>, <email>",0,customer_service,cs_02160,tr
Abonelik paketimi yükseltmek istiyorum.,0,customer_service,cs_00634,tr
"Şu anda standart paketim var, premium pakete geçmek istiyorum.",0,customer_service,cs_00634,tr
"Harika, e-postayı kontrol edeceğim. Teşekkürler.",0,customer_service,cs_00634,tr
Yeni aldığım mikrofon bilgisayarımda çalışmıyor. Yardımcı olabilir misiniz?,0,customer_service,cs_01010,tr
USB.,0,customer_service,cs_01010,tr
"Tamam, bu ayarları kontrol edeceğim. Eğer hâlâ çalışmazsa ne yapmam gerekiyor?",0,customer_service,cs_01010,tr
"Sevgili Tech Online Store Desteği, Arızalı bir HDR özelliği nedeniyle Samsung QLED QN90A cihazımı iade etmek için yazıyorum. Sorun iade süresi içinde keşfedildi. Lütfen bu iadeyi işlemek için sonraki adımlar hakkında bilgi verin. Teşekkürler,",0,customer_service,cs_02665,tr
"Merhaba, Teknik Destek Ekibi. Sony kulaklıklarımın iadesini yapmak istiyorum. Ürünün ses kalitesi beklediğim gibi değil ve sol kulaklıkta bağlantı sorunu yaşıyorum. Bu konuda ne yapmam gerektiği hakkında yardımcı olabilir misiniz? Şimdiden teşekkürler, <İsim>",0,customer_service,cs_02499,tr
"Merhaba Yetkili Elektronik E-ticaret Desteği, kırpılmış ses sorunu yaşayan bir Sony XR-55A80J OLED TV aldım. Çok rahatsız edici ve hemen bir değişim talep ediyorum. Sipariş numaram <order_num>. İletişim için <email> veya +90 512 7707267 numaramı kullanabilirsiniz. Yardımınız için teşekkür ederim, Mert",0,customer_service,cs_02332,tr
"Merhaba, BrownBox'tan aldığım klima için garanti şartlarınız markanın web sitesindekilerle uyuşmuyor, bu konuda hayal kırıklığına uğradım.",0,customer_service,cs_01454,tr
Sipariş numaram 123456 ve marka adı XYZ.,0,customer_service,cs_01454,tr
"Anladım, ne yapmalıyım?",0,customer_service,cs_01454,tr
Bilgi için teşekkür ederim.,0,customer_service,cs_01454,tr
"Merhaba BT Hizmetleri Destek Ekibi, Sunucu yönetimi içindeki faturalandırma entegrasyonunu güncellemek ve BT çözümleri iş akışımızı daha verimli hale getirmek amacıyla son talebimi iletmek istiyorum. Şu anda BT Danışmanlık Hizmetini kullanıyoruz ve sürecin hızlandırılmasını rica ediyorum. Yardımınız için şimdiden teşekkür ederim. Saygılarımla, Hesap numaram: 9854",0,customer_service,cs_00050,tr
"Merhaba, Faturalama ve Ödeme ekibi. Geçen ayki faturamda anlam veremediğim bir ek ücret gördüm. Bu ücretin neden alındığını öğrenmek istiyorum, çünkü herhangi bir ek hizmet talebinde bulunmadım. Lütfen kontrol edebilir misiniz?",0,customer_service,cs_00144,tr
"Merhaba Müşteri Hizmetleri, Samsung Galaxy Tab A7 ile ilgili bazı problemlerim var. Tablet sık sık donuyor ve bataryası çabuk bitiyor. İade veya değişim talebinde bulunmak istiyorum. Lütfen benimle bu numaradan iletişime geçin:+90 553 1395085 bu durumla ilgili. Teşekkürler,Gökhan",0,customer_service,cs_02243,tr
"Merhaba, Acme Ayakkabı Mağazası, geçen hafta aldığım ayakkabılarımın biri diğerinden farklı bir numara geldi. İade edip yeni bir çift almak istiyorum. Sipariş numaram <order_num>. Teşekkürler.",0,customer_service,cs_02535,tr
"Merhaba, bugün bir kulaklık aldım ancak yanlış adrese teslim edildi. Gerçekten sinirliyim.",0,customer_service,cs_02006,tr
"Doğru teslimat adresim 123 Main Street, Apartment 4, New York, NY 10001.",0,customer_service,cs_02006,tr
"Teşekkür ederim, lütfen bir an önce çözün.",0,customer_service,cs_02006,tr
"Merhaba, Samsung Galaxy S21 telefon kılıfını değiştirmek istiyorum. Satın aldığım kılıfın rengi beklentilerimi karşılamadı ve farklı bir model ile değiştirmek istiyorum. Yardımcı olabilir misiniz? Teşekkür ederim, Hasan",0,customer_service,cs_02199,tr
Hesap şifremi unuttum. Şifre sıfırlama bağlantısı istedim ama e-posta adresime bir bağlantı gelmedi. Bu durumda ne yapmalıyım?,0,customer_service,cs_00827,tr
"Sayın Destek Ekibi, Hera Software 8.20 iş akışlarımızı yeniden düzenlememize yardımcı olabilir misiniz? Yeni proje yöntemine geçiş yapıyoruz.",0,customer_service,cs_01241,tr
"Ürünüm eksik geldi, çok sinirliyim. Bu nasıl olabilir?",0,customer_service,cs_01868,tr
Bu kadar önemli bir eksiklik nasıl gözden kaçırılır? Çok zaman kaybettim.,0,customer_service,cs_01868,tr
Bundan sonra başka bir yerden alışveriş yapmayı düşünüyorum. Gerçekten hayal kırıklığına uğradım.,0,customer_service,cs_01868,tr
"Merhaba, hasarlı bir hoparlör siparişi verdim ve iade edip paramı geri almak istiyorum.",0,customer_service,cs_01953,tr
Sipariş numaram BB67890 ve ürün bir JBL Hoparlör.,0,customer_service,cs_01953,tr
Banka hesap numaram 1234567890 ve IFSC kodu ABCD1234. Geri ödeme ne kadar süre alır?,0,customer_service,cs_01953,tr
"Tamam, umarım bu süreç hızlı olur çünkü beklemek istemiyorum.",0,customer_service,cs_01953,tr
"Merhaba, hediye olarak gönderdiğim ürünün kalitesi beklediğim gibi çıkmadı. Yardımcı olabilir misiniz?",0,customer_service,cs_01920,tr
Zoom 5.11.0 kullanırken toplantılar sık sık kopuyor ve çöküyor. Bu sorunu çözün!,0,customer_service,cs_01078,tr
Daha önce de oldu bu sorunu ısrarla çözmüyorsunuz. Bu mağduriyet beni çok bıktırdı.,0,customer_service,cs_01078,tr
Bu durum beni gerçekten hayal kırıklığına uğrattı. Sorununuzu bir daha yaşarsam kesinlikle başka bir platforma geçeceğim!,0,customer_service,cs_01078,tr
Siparişimdeki ürünler beklediğimden farklı çıktı. Beklentimi karşılamadı.,0,customer_service,cs_01755,tr
Ürünler çok farklıydı ve bu beni biraz hayal kırıklığına uğrattı. Daha doğru bilgi vermeniz gerekirdi.,0,customer_service,cs_01755,tr
Bundan sonra daha dikkatli olmanızı bekliyorum. Bu durum alışveriş deneyimimi biraz olumsuz etkiledi.,0,customer_service,cs_01755,tr
"Merhaba, Bugün aldığım Adidas spor ayakkabılarımın numarası biraz büyük geldi. İade veya değişim yapmak istiyorum. Yardımcı olabilir misiniz? Teşekkürler.",0,customer_service,cs_02472,tr
"Merhaba, cep telefonumun garanti şartları hakkında birkaç sorum var.",0,customer_service,cs_01402,tr
Sipariş numaram #987654321 ve e-posta adresim xyz@gmail.com.,0,customer_service,cs_01402,tr
Telefonu satın aldıktan sonraki garanti şartları değişikliklerini merak ediyorum.,0,customer_service,cs_01402,tr
"Merhaba, sipariş ettiğim kitap yanlış geldi. Sipariş ettiğimle alakası yok!",0,customer_service,cs_01637,tr
Teşekkür ederim. Ama lütfen bir daha bu tür bir hata yapmayın.,0,customer_service,cs_01637,tr
"Merhaba, Çevrimiçi Teknik Desteğe, Sony Bravia XR X90J televizyonumda yaşadığım kalıcı piksel hataları nedeniyle iade talebinde bulunuyorum. Ürünü satın aldıktan sonra belirli bir süre içinde bu hatayı fark ettim. İade süreciyle ilgili bana yardımcı olabilir misiniz? Saygılarımla, Alp5239128490+90 587 7216596",0,customer_service,cs_02284,tr
"Merhaba, fatura detaylarımda bazı ücretler görünmüyor. Birkaç işlem yapmıştım ama faturada yer almıyor. Neden böyle oldu?",0,customer_service,cs_00276,tr
Bu durum gerçekten kafamı karıştırdı. Hızlıca çözülmesini bekliyorum çünkü birkaç işlemi unutmuş olmanızı istemiyorum.,0,customer_service,cs_00276,tr
"Teşekkür ederim, durumun çözüleceğini bilmek rahatlatıcı. İlgilendiğiniz için minnettarım.",0,customer_service,cs_00276,tr
"Merhaba, geçen hafta aldığım spor ayakkabılardan biri çok sıkı geldi ve değiştirmek istiyorum. Ayakkabının numarası 39, ancak normalde giydiğim numara 40. İade ve değişim sürecini nasıl başlatabilirim? Sipariş numaramı paylaşıyorum, 346280. Teşekkür ederim, Şirin Polat.",0,customer_service,cs_02167,tr
"Merhaba, siparişim yanlış adrese gönderilmiş. Bu durum beni gerçekten zor durumda bıraktı.",0,customer_service,cs_01629,tr
"Evet, sipariş numaram 334455.",0,customer_service,cs_01629,tr
Ne kadar sürecek peki? Bu ürünü acilen kullanmam gerekiyor.,0,customer_service,cs_01629,tr
"Tamam, umarım en kısa zamanda çözülür. Teşekkürler.",0,customer_service,cs_01629,tr
Bilgisayarım her yeniden başlattığımda tarih ve saat yanlış görünüyor. İnternetten senkronize etmeme rağmen düzelmiyor. Bu sorunu nasıl çözebilirim?,0,customer_service,cs_01264,tr
"Faturama beklenmedik bir 'abonelik' ücreti eklenmiş. Bu, bana hiç bildirilmeyen bir ücret! Neden böyle oldu?",0,customer_service,cs_00287,tr
"Hesap numaram 246813579. Bu aboneliği iptal etmenizi istiyorum, lütfen!",0,customer_service,cs_00287,tr
"Teşekkür ederim, hızlıca iptal işlemini gerçekleştirdiğiniz için rahatladım. Bu tür hataların tekrarlanmaması için önlem almanızı rica ediyorum.",0,customer_service,cs_00287,tr
"Merhaba, Müşteri Desteği. Son faturamda beklenmedik bir şekilde ekstra bir ödeme olduğunu fark ettim. Bu durumu açıklamanızı ve düzeltmenizi rica ediyorum. Hesap numaram 44566.",0,customer_service,cs_00127,tr
"Merhaba, son faturamın ödeme tarihi geçti ve ödeme yapmayı unuttum. Ne yapabilirim? Bu kadar geç kalmak gerçekten çok kötü bir durum. Lütfen bana yardımcı olun, çünkü şu an ödeme yapacak durumda değilim!",0,customer_service,cs_00073,tr
"Evet, tabii ki. Fatura numaram 123456 ve fatura tarihi 15.03.2022. Ama bu durum gerçekten çok zorlayıcı!",0,customer_service,cs_00073,tr
Ürünüm geldi ama yanlış model geldi. Ne yapmalıyım?,0,customer_service,cs_01836,tr
Bu kadar büyük bir hata nasıl yapılır? Ürünü doğru gönderin!,0,customer_service,cs_01836,tr
"Bir dahaki sefere, doğru model gönderin!",0,customer_service,cs_01836,tr
"Merhaba, yeni aldığım dizüstü bilgisayarımda ses problemi yaşıyorum. Ses hiç çıkmıyor ya da çok kısık.",0,customer_service,cs_01302,tr
"Sürücüyü güncelledim, ancak sorun devam ediyor.",0,customer_service,cs_01302,tr
"Merhaba, bilgisayarım yeni yüklediğim güncellemelerden sonra çok yavaş çalışıyor.",0,customer_service,cs_01063,tr
"Tamam, bunu deneyeceğim. Başka bir öneriniz var mı?",0,customer_service,cs_01063,tr
"Merhaba, Babalar Günü için aldığımız hediye garanti kapsamında değiştirmek istiyorum. Hediye, babamın istediği telefon ya da bir akıllı saate dönüştürülebilir mi? Yardımcı olabilir misiniz? Teşekkürler.",0,customer_service,cs_02067,tr
"Selamlar, sizden bir adet Samsung Galaxy S21 Ultra satın aldım ancak ekranında bir hata olduğunu fark ettim. Ürünü iade etmek ya da değiştirmek istiyorum. Sipariş numaram 7972543216. Yardımcı olabilir misiniz? Teşekkürler, Cevdet, +90 584 6868027.",0,customer_service,cs_02246,tr
Hesap hareketlerimde bir işlem görünüyor ama ben böyle bir işlem yapmadım.,0,customer_service,cs_00379,tr
25 Kasım'da 1200 TL'lik bir ödeme görünüyor.,0,customer_service,cs_00379,tr
Lütfen iptal edin ve hesabımı koruma altına alın.,0,customer_service,cs_00379,tr
"Tamamdır, kontrol edeceğim. Teşekkürler.",0,customer_service,cs_00379,tr
"Merhaba, sitenizden bir koşu bandı sipariş etmeye çalışıyorum ancak bulunduğum yere gönderim için mevcut değil. Acilen ihtiyacım var ve sipariş edemediğim için hayal kırıklığına uğradım.",0,customer_service,cs_01462,tr
"Ürün Horizon Fitness T101 Koşu Bandı ve bulunduğum yer San Francisco, CA.",0,customer_service,cs_01462,tr
Bu kabul edilemez. Acilen ihtiyacım var. Ne yapabilirsiniz?,0,customer_service,cs_01462,tr
Ürünün fiyatı ile kalite arasında büyük bir fark var gibi. Gerçekten buna değer mi?,0,customer_service,cs_01800,tr
Emin misiniz? Beklentim çok daha yüksek oldu açıkçası.,0,customer_service,cs_01800,tr
Peki ya bu kadar pahalı olması? Çok daha uygun fiyatlı alternatiflerim yok muydu?,0,customer_service,cs_01800,tr
"Merhaba sevgili Destek Ekibi, geçen hafta sipariş ettiğim Samsung Galaxy S21 Ultra'nın ekranında bir problem var. Lütfen bir iade veya değişim işlemi için bana yardımcı olun. Sipariş numaram <order_num>. Size e-posta veya telefon numaram <email> üzerinden ulaşabilirsiniz. Teşekkürler, Salih.",0,customer_service,cs_02527,tr
"Merhaba, elektrikli ocak siparişimin durumunu kontrol etmek istiyorum.",0,customer_service,cs_01377,tr
"Ancak, teslimat süresinin çok uzun olduğunu düşünüyorum. Daha hızlı bir seçenek yok mu?",0,customer_service,cs_01377,tr
Anladım. Bu durumda beklemem gerekecek sanırım. Teşekkürler.,0,customer_service,cs_01377,tr
Dell XPS 13 9310 cihazımızda ekran titremesi ve kablosuz bağlantı sorunları yaşıyoruz. Yardımcı olur musunuz?,0,customer_service,cs_01082,tr
"BIOS güncellemesi işe yaradı, iyi ki varsınız. İyi günler.",0,customer_service,cs_01082,tr
Her zaman böyle hızlı ve doğru destek sağlayın lütfen. Hizmetinizden çok memnunum!,0,customer_service,cs_01082,tr
"Hesap faaliyetleri ile ilgili bildirim almadım bu ay, nedenini öğrenebilir miyim?",0,customer_service,cs_00587,tr
Hesap numaram 987654321 ve doğum tarihim 16.06.1976.,0,customer_service,cs_00587,tr
"Teşekkür ederim, çok yardımcı oldunuz.",0,customer_service,cs_00587,tr
Uluslararası bir ödeme yapmaya çalışıyorum ama işlem sürekli reddediliyor. Sorun ne olabilir?,0,customer_service,cs_00428,tr
"Bugün, 500 USD’lik bir ödeme yapmaya çalıştım ama gerçekleşmedi.",0,customer_service,cs_00428,tr
"Lütfen yapın, bu çok önemli bir ödeme.",0,customer_service,cs_00428,tr
"Deniyorum… Evet, oldu! Çok teşekkür ederim.",0,customer_service,cs_00428,tr
Döviz kuru hakkında bilgi alabilir miyim?,0,customer_service,cs_00387,tr
Euro ve Dolar.,0,customer_service,cs_00387,tr
"Henüz değil, teşekkür ederim.",0,customer_service,cs_00387,tr
Son satın alımımla ilgili bir sorun yaşıyorum.,0,customer_service,cs_00952,tr
Sipariş numaram BB987654321.,0,customer_service,cs_00952,tr
BP monitörümün garanti kartı kayıp ve garanti şartlarındaki uyuşmazlık var. Çok sinir bozucu bir durum!,0,customer_service,cs_00952,tr
Ne yapacağımı bilmiyorum.,0,customer_service,cs_00952,tr
Garantinin bir yıl olduğu yazıyor.,0,customer_service,cs_00952,tr
"Evet, bazı adımlar belirtilmiş ama çözüm değil.",0,customer_service,cs_00952,tr
"Merhaba, iki gün önce verdiğim Nike spor ayakkabı siparişimde bir sorun var. Ayakkabıların numarası küçük geldi, iade etmek istiyorum. İade ve değişim süreci hakkında bilgi alabilir miyim? Teşekkürler, Ece.",0,customer_service,cs_02116,tr
Hesabıma giriş yapmaya çalışıyorum ancak benden cep telefonu numaramı veya e-posta adresimi doğrulamamı istiyor. Neden?,0,customer_service,cs_00443,tr
Cep telefonu numaramı doğrulamakta sorun yaşıyorum. Bana yardımcı olabilir misiniz?,0,customer_service,cs_00443,tr
1234567890.,0,customer_service,cs_00443,tr
"Evet, buldum. 0987654321.",0,customer_service,cs_00443,tr
"Teşekkür ederim, OTP'yi aldım ve giriş yapabildim.",0,customer_service,cs_00443,tr
"Hayır, çok teşekkürler!",0,customer_service,cs_00443,tr
"Merhaba, yıllardır sizinle çalışıyorum ve her zaman mükemmel hizmet aldım. Bu ay faturamda bir sorun oldu, yardımcı olabilir misiniz?",0,customer_service,cs_00248,tr
Hesap numaram 3344556677. Faturamda bir hata olduğunu fark ettim.,0,customer_service,cs_00248,tr
"Teşekkür ederim, her zaman sorunsuz hizmet aldım. Yardımınız için minnettarım.",0,customer_service,cs_00248,tr
Bu nasıl bir hizmet? Aldığım televizyonun ekranı kırık çıktı! Derhal çözüm istiyorum!,0,customer_service,cs_01666,tr
Bir hafta beklemek istemiyorum! Parasını ödediğim ürünün sağlam gelmesi gerekirdi.,0,customer_service,cs_01666,tr
Umarım dediğiniz gibi hızlı olur. Yoksa bu alışveriş son olur!,0,customer_service,cs_01666,tr
"İki faktörlü kimlik doğrulama sorunum var, yardımcı olabilir misiniz?",0,customer_service,cs_00589,tr
Hesap numaram 654321987 ve doğum tarihim 03.03.1993.,0,customer_service,cs_00589,tr
"Evet, lütfen. Yeni numaram 05553332211.",0,customer_service,cs_00589,tr
"Deniyorum... Evet, şimdi çalışıyor. Çok teşekkür ederim!",0,customer_service,cs_00589,tr
"Merhaba Trend Teknoloji Market, Apple iPad Pro sipariş verdim fakat cihaz sürekli takılıyor ve yeniden başlatma adımları çözüm olmadı. İade talep ediyorum, sipariş numaram <order_num>. İlginiz için teşekkürler.",0,customer_service,cs_02278,tr
"Merhaba, sipariş ettiğim mutfak robotunun teslim alma adresini değiştirmek istiyorum. Yanlışlıkla yanlış adres girdim.",0,customer_service,cs_01474,tr
Sipariş numaram 789012 ve doğru adres 1234 Main Street.,0,customer_service,cs_01474,tr
"Tamam, lütfen acele edin. Mutfak robotuna hemen ihtiyacım var.",0,customer_service,cs_01474,tr
"İki faktörlü kimlik doğrulama sorunu yaşıyorum, kod gelmiyor.",0,customer_service,cs_00578,tr
Numaram 05331234567.,0,customer_service,cs_00578,tr
Kodu aldım ve işlemi tamamladım. Çok teşekkürler!,0,customer_service,cs_00578,tr
"Merhaba, web sitenizden bir Harici Sabit Disk satın almak istiyorum ancak stokta yok olarak görünüyor. Yardımcı olabilir misiniz?",0,customer_service,cs_01464,tr
Seagate Expansion 2TB Taşınabilir Harici Sabit Disk ilgimi çekti.,0,customer_service,cs_01464,tr
"Tamam, Western Digital My Passport 2TB ile devam edeceğim. Stokta mı?",0,customer_service,cs_01464,tr
"Bu harika! Çok teşekkür ederim, gerçekten süper bir destek sağladınız!",0,customer_service,cs_01464,tr
"Yakın zamanda aldığım OTG ile ilgili bir sorun yaşıyorum. Dün OTG'yi aldım ve faturamda fazla ücretlendirildiğim görünüyor. Ayrıca, OTG'nin düzgün çalışmadığını da fark ettim. Isıtma elemanı düzgün çalışmıyor.",0,customer_service,cs_01968,tr
"Evet, en yakın mağazanızın çalışma saatlerini öğrenebilir miyim?",0,customer_service,cs_01569,tr
Ankara’da yaşıyorum.,0,customer_service,cs_01569,tr
Çok iyi olur. Bir de mağazada stok durumunu nasıl öğrenebilirim?,0,customer_service,cs_01569,tr
"Şimdilik gerek yok, bilgi için teşekkürler.",0,customer_service,cs_01569,tr
Oturum açarken güvenlik sorusunun cevabını doğru girmeme rağmen sürekli hata alıyorum. Bu durumda ne yapmalıyım?,0,customer_service,cs_00858,tr
Ürünü aldım ama beklentimi karşılamadı. Hızlı bir çözüm istiyorum!,0,customer_service,cs_01803,tr
"Beklentim çok yüksekti, ama bu ürün gerçekten vasat. Ne yapacağız?",0,customer_service,cs_01803,tr
Bunu değiştirmek zorundayım. Bir daha böyle bir şey yaşamam umarım!,0,customer_service,cs_01803,tr
"Merhaba, dosya yüklemeye çalışıyorum ama sürekli 'yükleme başarısız' hatası alıyorum.",0,customer_service,cs_01060,tr
Şirketimizin bulut platformunu kullanıyorum.,0,customer_service,cs_01060,tr
"Hayır, kontrol etmedim ama bağlantımda bir sorun yok gibi.",0,customer_service,cs_01060,tr
"Bu iyi bir fikir, deneyeceğim. Teşekkür ederim!",0,customer_service,cs_01060,tr
"Selamlar, son zamanlarda Samsung UN50MU6300 50-Inch 4K Ultra HD Smart LED TV cihazımda görsel kalite sıkıntıları yaşamaya başladım. Bu durumu çözüme kavuşturamadığım takdirde cihazın iadesini veya değişimini isteyeceğim. Süreç hakkında bilgi alabilir miyim?",0,customer_service,cs_02304,tr
"Merhaba, siparişimdeki ürün gerçekten çok kötü bir malzemeden yapılmış. Kalitesi tamamen farklı.",0,customer_service,cs_01931,tr
Gerçekten çok hayal kırıklığına uğradım. Ürün fotoğraflarıyla hiç uyuşmuyor.,0,customer_service,cs_01931,tr
Teşekkür ederim ama kalitesiz ürünler göndermemek için daha dikkatli olmanızı bekliyorum.,0,customer_service,cs_01931,tr
Faturama 'yanlış vergi' eklenmiş! Bu konuda beni neden bilgilendirmediniz? Ne kadar ilgisizsiniz!,0,customer_service,cs_00331,tr
"Hesap numaram 1122334455! Hızlıca düzeltilsin, yoksa sizi şikayet edeceğim!",0,customer_service,cs_00331,tr
Bu hataları her seferinde nasıl yapıyorsunuz? Herkesin zamanını çalıyorsunuz! Bir daha böyle bir şey yaşamak istemiyorum!,0,customer_service,cs_00331,tr
"Merhabalar, benim internet faturalarım üzerinde birkaç yanlışlık olduğunu düşünüyorum. Fatura detaylarını kontrol edip, varsa hatalı olan ücretleri düzeltme şansınız var mıdır? Hesap numaram 949494. En kısa zamanda çözüme ulaşmamızı umuyorum.",0,customer_service,cs_00099,tr
"Merhaba, son aldığım ayakkabılarımın numarası biraz büyük geldi ve değiştirmek istiyorum. Yardımcı olabilir misiniz? Sipariş numaram 7218497662, İsim: Murat Can, Telefon numaram: +90 520 7285071.",0,customer_service,cs_02142,tr
"Merhaba, Microsoft Office Suite aboneliğim için hem hızlı hem de güvenilir bir ödeme seçeneği arıyorum. Ama aynı zamanda hesabımda oluşan yanlış fatura tutarı da düzeltilmeli. Bu kadar büyük bir hata nasıl yapılır? Bu durumu hemen çözmeniz gerekiyor! İletişim adresim: +90 582 7649416 Teşekkür ederim.",0,customer_service,cs_00075,tr
"Merhaba, Call of Duty: Modern Warfare oyununu satın aldım ancak Xbox One konsolumda çalışmıyor. İade veya değişim talebinde bulunmak istiyorum. Sipariş numaram <order_num>. Şimdiden teşekkürler.",0,customer_service,cs_02093,tr
Hesabım kilitlenmiş. Neden sürekli bu sorunla karşılaşıyorum?,0,customer_service,cs_00521,tr
Her seferinde aynı sorunu yaşıyorum! Ben bu kadar hassas bir güvenlik istemiyorum.,0,customer_service,cs_00521,tr
Sunucu yönetimi içindeki faturalandırma entegrasyonunu güncellemek istiyorum. Bu konuda yardımınıza ihtiyacım var. Şu anda BT danışmanlık hizmetlerinizi kullanıyoruz.,0,customer_service,cs_00036,tr
"Yeni aldığım akıllı kahve makinesi, istediğim kahve türünü yanlış yapıyor. Seçim doğru ama sonuç hep farklı.",0,customer_service,cs_01125,tr
"Dediğinizi yaptım, sorun çözüldü. Kahve artık mükemmel. 'Sakla samanı, gelir zamanı.' Çok teşekkürler!",0,customer_service,cs_01125,tr
Sizin öneriniz olmasaydı bu kadar hızlı çözüm bulamazdım. Destek ekibinize minnettarım!,0,customer_service,cs_01125,tr
Telefonumun bataryası bir anda çok hızlı tükenmeye başladı. Şarjdayken bile yüzde düşüyor!,0,customer_service,cs_01113,tr
"Uygulamaları kapattım ve pil performansı düzeldi. Teşekkür ederim! 'Sakla samanı, gelir zamanı.' Basit ama etkili bir çözüm oldu.",0,customer_service,cs_01113,tr
Bu kadar kolay bir çözümle sorunumu halletmeniz harika. Çalışmalarınızda başarılar dilerim!,0,customer_service,cs_01113,tr
Ürün sipariş ettim ama geldiğinde eksik parçalar vardı. Ne yapmalıyım?,0,customer_service,cs_01825,tr
Bu kadar basit bir hatayı nasıl yaparsınız? Her şeyin eksiksiz olması gerekmez mi?,0,customer_service,cs_01825,tr
"Bir dahaki sefere, her şey eksiksiz gelmeli!",0,customer_service,cs_01825,tr
"Ürünümde hasar var. Ambalajda hiçbir problem yoktu, ama ürünün kendisi zarar görmüş.",0,customer_service,cs_01859,tr
Ürünün hasar görmesi gerçekten çok kötü bir deneyim oldu. Bu kadar dikkatli olmamalıydınız.,0,customer_service,cs_01859,tr
"Merhaba, Fatura ve ödeme işlemlerinde yaşadığımız bir sorun var. Son faturamızda yanlış bir ücretlendirme yapıldığını fark ettik. Bu konuda yardımcı olabilir misiniz?",0,customer_service,cs_00120,tr
"Sayın BT Hizmetleri Destek Ekibi, AWS Management Service tarafından yönetilen bulut altyapı hizmetlerine ilişkin AWS faturalandırma hesaplarımızda düzenleme yapılmasını talep ediyorum. Bu tutarsızlıkların düzeltilmesi gerçekten çok önemli. Lütfen bu orta öncelikli talebe mümkün olan en kısa sürede öncelik verin. Yardımınız için şimdiden çok teşekkür ederim. Saygılarımla.",0,customer_service,cs_00062,tr
Ürünüm tam 1 hafta sonra geldi ve hala eksik parçalar var! Bu nasıl bir hizmet!,0,customer_service,cs_01764,tr
"Bir hafta bekledim, bir de eksik parça! Gerçekten bıktım bu işten!",0,customer_service,cs_01764,tr
Bu kadar basit bir şeyin nasıl bu kadar uzun sürdüğünü anlamıyorum. Gerçekten sinirimi bozdu!,0,customer_service,cs_01764,tr
"Merhaba, Acil Yardım Ekibi. Bugün, 20 Ekim 2023 tarihinde satın aldığım Bose QuietComfort 35 II kulaklıklarımın performansında bir düşüş olduğunu fark ettim. Bu nedenle ürünü değiştirmek veya iade etmek istiyorum. Yardımcı olabilir misiniz? İyi günler, Sadık8723289924+90 583 1620491",0,customer_service,cs_02635,tr
"Merhaba, ürünümden memnun kalmadım ve iade etmek istiyorum.",0,customer_service,cs_02634,tr
"Merhaba BT Hizmetleri Destek Ekibi, Yeni aldığım monitörün ekranında rastgele anlık titremeler meydana geliyor. Bu durum gözlerimi oldukça rahatsız ediyor ve iş akışımı kesintiye uğratıyor. Bu monitörü almak tam bir felaketti! Lütfen bir çözüm önerisi sunabilir misiniz?",0,customer_service,cs_01165,tr
Söylediklerinizi denedim ama sorun hala devam ediyor. Bu durum benim için gerçekten dayanılmaz bir hal aldı. Daha hızlı ve etkili bir çözüm talep ediyorum!,0,customer_service,cs_01165,tr
"Merhaba, satın aldığım masa montaj için gerekli vidaları içermiyor. Sanırım bir eksiklik olmuş.",0,customer_service,cs_01659,tr
"Teşekkür ederim, montajı tamamlayabilmek için bekliyorum.",0,customer_service,cs_01659,tr
"Harika, hızlı çözüm için teşekkürler.",0,customer_service,cs_01659,tr
"Selam, Trendy Online Store'dan aldığım Apple iPad Pro'nun ekranı çalışmıyor. Tüm çözüm önerilerini denedim fakat sonuç alamadım. Bu yüzden ürünün iadesini veya değişimini istiyorum. Sipariş numaram <order_num>. Yardımcı olduğunuz için teşekkür ederim.",0,customer_service,cs_02369,tr
"Merhaba sevgili Moda Trendi Destek Ekibi, son aldığım kıyafetlerden biri yanlış beden geldi ve değiştirmek istiyorum. Nasıl bir süreç izlemem gerekiyor, yardımcı olabilir misiniz? Teşekkürler, Elif <sipariş numarası><telefon numarası>",0,customer_service,cs_02129,tr
"Merhaba, Kıyafet Online Mağazası, geçen hafta aldığım kot pantolonun bedeni bana uygun değil. Değişim yapmak istiyorum. Sipariş numaram <order_num>. Teşekkür ederim.",0,customer_service,cs_02477,tr
"Merhaba Müşteri Hizmetleri, umarım mesajım sizi iyi bir zamanda bulmuştur. Yakın zamanda satın aldığım Samsung Galaxy S21 cep telefonumda teknik bir problemle karşılaştım ve ürünün iadesini veya değiştirilmesini talep ediyorum. Acil yardımınızı bekliyorum. Saygılarımla, Emine",0,customer_service,cs_02254,tr
"Sayın BT Hizmetleri, AWS EC2 bulut sunucumuz yanıt vermiyor ve operasyonlarımız ciddi şekilde etkileniyor. Bu sorun için acil bir çözüm talep ediyorum.",0,customer_service,cs_01248,tr
"Merhaba, İnternet Hizmetlerim uygulaması üzerinden son faturamı kontrol ettiğimde anlamadığım ek bir ücret gördüm ve bunun ne olduğunu merak ediyorum. Yardımcı olabilir misiniz? Tahminimce bu bir hata olabilir. Ancak, böyle bir şeyin faturama eklenmesi gerçekten sinir bozucu! Bu hatanın bir an önce düzeltilmesini istiyorum.",0,customer_service,cs_00105,tr
Aldığım tabletin ekranı kırık çıktı. Bu kadar dikkatli olmamalıydınız. Gerçekten çok üzgünüm.,0,customer_service,cs_01706,tr
Bu kadar dikkatli olmamalıydınız. Benim için çok önemliydi ve şimdi kullanamıyorum.,0,customer_service,cs_01706,tr
Umarım gerçekten bir sorun yaşamam. Bir daha böyle bir şey yaşamak istemiyorum.,0,customer_service,cs_01706,tr
Geçen hafta bir ödeme yaptım ama iki kez çekim yapılmış görünüyor.,0,customer_service,cs_00388,tr
"20 Kasım, 750 TL.",0,customer_service,cs_00388,tr
"Tamam, teşekkürler. Umarım bir daha yaşanmaz.",0,customer_service,cs_00388,tr
Cisco ISR4331 yönlendiricim bağlanmasına rağmen çalışmıyor. Bu konuda hızlı bir şekilde yardımınıza ihtiyacım var.,0,customer_service,cs_01232,tr
"Merhaba, ürününüzü iade etmek istiyorum çünkü renk beklentimle uyuşmuyor. Yardımcı olabilir misiniz?",0,customer_service,cs_02514,tr
"Merhaba Mobile Tech Desteği, aldığım Samsung Galaxy S21 Ultra üzerindeki kamera sistemiyle ilgili bir sorun yaşıyorum. İade ve değişim yapmanızı rica ediyorum. Sipariş numaram <order_num>. İşlem için gereken bilgiler için benimle iletişime geçebilirsiniz <email> veya +90 506 7608366. Teşekkürler, Sadık",0,customer_service,cs_02361,tr
"Merhaba, BrownBox'tan bir Asus monitörü satın aldım ve garanti kaydı yapmak istiyorum.",0,customer_service,cs_01517,tr
"Ürün XYZ, adım Can Smith.",0,customer_service,cs_01517,tr
"Tamam, rehberlik eder misiniz?",0,customer_service,cs_01517,tr
"Merhaba, teknik destek ekibi. Apple AirPods'umun iadesini talep ediyorum. Sol kulaklık sürekli bağlantı sorunları yaşıyor ve pil dayanımı beklediğimden çok daha kısa. Bu ürünü iade etmek için ne yapmam gerektiği konusunda yardımcı olabilir misiniz? Şimdiden teşekkürler, Samet.",0,customer_service,cs_02420,tr
Ürün siparişi verdim ama stokta olmadığı söylendi. Neden önceki ürünlerim stokta yok?,0,customer_service,cs_01838,tr
Stokta olmayan ürünleri neden hala satıyorsunuz? Bu durum beni çok hayal kırıklığına uğrattı.,0,customer_service,cs_01838,tr
"Bir dahaki sefere, stok durumunu daha doğru kontrol edin!",0,customer_service,cs_01838,tr
"Merhaba, son faturamda beklenmedik bir ücret gördüm. Bu korkunç! Bu ücretin ne olduğunu açıklayabilir misiniz?",0,customer_service,cs_00158,tr
Hesap numaram 1122334455. Bu ücretin nedenini öğrenmek istiyorum.,0,customer_service,cs_00158,tr
"Evet, lütfen iptal edin. Bu hizmeti talep etmedim.",0,customer_service,cs_00158,tr
"Merhaba, BrownBox'tan aldığım yazıcıyı iade etmek istiyorum. Geri ödeme ne zaman yapılacak?",0,customer_service,cs_02019,tr
Sipariş numaram BB123456789 ve yazıcı bilgisayarımla uyumlu değil.,0,customer_service,cs_02019,tr
Yazıcıyı nasıl iade ederim?,0,customer_service,cs_02019,tr
"Merhaba, müşteri hizmetleri. İnternet üzerinden yeni bir Netflix aboneliği satın alırken faturalandırma hatasıyla karşılaştım. Fatura tutarı beklediğimden daha yüksek. Bu durumu düzeltmek için yardımınıza ihtiyacım var.",0,customer_service,cs_00126,tr
"Merhaba, bilgisayarımda çalıştırdığım yazılımlar sürekli olarak donuyor. Çalışan diğer uygulamalarda da performans düşüşü yaşıyorum. Bu sorunla ilgili ne yapabilirim?",0,customer_service,cs_01343,tr
"Sistem güncellemelerini kontrol ettim ve kaynak kullanımını izledim, fakat donmalar hala devam ediyor.",0,customer_service,cs_01343,tr
Merhaba Serap. Dün bir su arıtma cihazı aldım ve onu teslim eden kurye görevlisiyle ilgili bir sorun yaşadım.,0,customer_service,cs_00963,tr
Sipariş numaram BB654321. Kurye görevlisi çok kaba ve profesyonelce değildi.,0,customer_service,cs_00963,tr
Su arıtıcısı düzgün çalışmıyor. Suyu doğru şekilde filtrelemiyor.,0,customer_service,cs_00963,tr
"Tamam, ne yapmalıyım?",0,customer_service,cs_00963,tr
"Yanlışlıkla iki hesap açtım, hesapları birleştirmek istiyorum.",0,customer_service,cs_00377,tr
"İlk hesap numaram 123456, ikinci hesap numaram 654321.",0,customer_service,cs_00377,tr
Ne kadar sürer bu işlem?,0,customer_service,cs_00377,tr
"Merhaba, uygulamayı her açtığımda çöküyor. Çalışmak imkânsız hale geldi.",0,customer_service,cs_01005,tr
Android telefonumda. Güncellemeden sonra bu sorun başladı.,0,customer_service,cs_01005,tr
"Evet, bunu denemiştim ama yine çöküyor.",0,customer_service,cs_01005,tr
"Android 11 kullanıyorum, uygulamanın son sürümünü yükledim.",0,customer_service,cs_01005,tr
"Tamam, bunu yapacağım. Eğer yine çözülmezse ne yapabilirim?",0,customer_service,cs_01005,tr
"Şimdilik bu kadar, teşekkür ederim.",0,customer_service,cs_01005,tr
AWS EC2 bulut sunucum yanıt vermiyor ve bu durum projelerimizi tamamen durduruyor! Hemen çözüm bekliyorum!,0,customer_service,cs_01089,tr
"Bu sorunu bir an önce çözmeniz gerekiyor, bekleyecek zamanımız yok!",0,customer_service,cs_01089,tr
Bu kadar kritik bir sorunun çözülememesi gerçekten büyük bir hayal kırıklığı. Güvenimiz sarsılıyor!,0,customer_service,cs_01089,tr
HP DeskJet yazıcım kağıdı düzgün çekmiyor ve sürekli sıkışıyor. Lütfen yardımcı olun.,0,customer_service,cs_01145,tr
"Sorun çözüldü. 'Bir elin nesi var, iki elin sesi var.' Çok teşekkür ederim!",0,customer_service,cs_01145,tr
Hızlı ve etkili bir çözüm sunduğunuz için gerçekten çok memnun kaldım. Çalışmalarınız harika!,0,customer_service,cs_01145,tr
Hesabımda beklenmedik bir ödeme var. Neden her zaman ekstra ücretler ekleniyor? Artık bıktım.,0,customer_service,cs_00225,tr
Hesap numaram 1122334455. Bu ekstra ücretin nedenini öğrenmek istiyorum.,0,customer_service,cs_00225,tr
Bu tür hataların sürekli olarak tekrarlaması gerçekten çok can sıkıcı. Bir daha böyle bir şey yaşamak istemiyorum.,0,customer_service,cs_00225,tr
"Merhaba, bilgisayarımda HDMI bağlantısı ile televizyona görüntü yansıttığımda ekranın sadece bir kısmı görünüyor. Tam ekran yapamıyorum.",0,customer_service,cs_01308,tr
Ekran çözünürlüğünü değiştirdim ama sorun hala devam ediyor.,0,customer_service,cs_01308,tr
"Merhaba, EnerjiMatik Müşteri Desteği. Faturamı kontrol ederken tutarda bir yanlışlık olduğunu fark ettim. Açıkçası bu durum beni biraz endişelendirdi, çünkü daha önce böyle bir sorun yaşamamıştım. Lütfen faturamı detaylı bir şekilde inceleyip, doğru tutarı bana bildirir misiniz? Yardımcı olacağınızı umuyorum.",0,customer_service,cs_00136,tr
"Merhaba, BrownBox'tan aldığım el blender'ı ile ilgili bir sorum var.",0,customer_service,cs_00023,tr
"Elbette, 123456789.",0,customer_service,cs_00023,tr
Siparişimi aldım ve el blender'ı için bazı gizli ücretler fark ettim. Bu ücretlerden haberdar değildim.,0,customer_service,cs_00023,tr
"Evet, lütfen yapın.",0,customer_service,cs_00023,tr
"Merhaba, su arıtma cihazımın iadesi konusunda bir sorunum var, hala geri ödeme almadım.",0,customer_service,cs_02009,tr
"Sipariş numaram 98765432, adım John Smith.",0,customer_service,cs_02009,tr
"BrownBox'ın hizmetiyle iade ettim, takip numarası 1234567890.",0,customer_service,cs_02009,tr
Bu gerçekten rezalet! Paramı hemen geri almak istiyorum.,0,customer_service,cs_02009,tr
"Merhaba Müşteri Hizmetleri, Apple iPhone 12 cihazımda karşılaştığım sorunları gidermek istiyorum. Batarya hızla tükeniyor ve ekran donmaları ciddi şekilde etkiliyor. İade veya değişim yapmayı düşünüyorum. Rica etsem bana bu konuda yardımcı olabilir misiniz? İrtibat numaram: +90 561 2813838. Teşekkürler, Rıza",0,customer_service,cs_02358,tr
"Merhaba, Teknik Çevrimiçi Mağaza Desteği. Ben yeni satın aldığım Dell XPS 13 laptop'un iadesini istiyorum. Ne yazık ki, cihaz düzgün bir şekilde şarj olmuyor ve ekran sık sık donuyor. Yardımınızı çok takdir ederim, İrem.",0,customer_service,cs_02269,tr
Merhaba Ayşe Hanım. Blender aldım ancak çalıştırmaya başlayınca yanık kokusu geliyor. Garantiye göndermek istiyorum.,0,customer_service,cs_00745,tr
"Tabii, 1 Haziran’da almıştım.",0,customer_service,cs_00745,tr
"Peki, ancak bu tip sorunlar devam ederse kalıcı çözüm olacak mı?",0,customer_service,cs_00745,tr
"Umarım öyle olur, çünkü her seferinde aramak istemem.",0,customer_service,cs_00745,tr
"MacBook Air M1 cihazım gece boyunca fişte kalmasına rağmen %50'den fazla şarj olmuyor. Bu sorun işlerimi olumsuz etkiliyor, acilen çözüm talep ediyorum.",0,customer_service,cs_01239,tr
"Merhaba, Garanti süresi içinde aldığım ayakkabı su aldı. Lütfen iade ve değişim süreci hakkında bana yol gösterir misiniz? Teşekkürler, Ayşe.",0,customer_service,cs_02130,tr
"Merhaba, hesabıma giriş yapamıyorum. E-posta ve şifremi doğru girdiğimden eminim ama sürekli hata alıyorum. Bu sorunu nasıl çözebilirim?",0,customer_service,cs_00905,tr
Hesap hareketlerimi kontrol etmek istiyorum. Özellikle son bir haftada yapılan tüm işlemleri nasıl görüntüleyebilirim?,0,customer_service,cs_00833,tr
"Ürün çok kaliteli, tam olarak beklediğim gibi! Çok teşekkür ederim.",0,customer_service,cs_01792,tr
"Hayır, her şey harika. Gerçekten çok memnunum.",0,customer_service,cs_01792,tr
"Kesinlikle tekrar alışveriş yapacağım, çok teşekkürler!",0,customer_service,cs_01792,tr
"Merhaba, Evimdeki yeni Philips akıllı ampullerle ilgili sorun yaşıyorum. Akıllı ampuller bir süre sonra kendiliğinden kapanıyor ve kontrol edilemiyor. Bu nedenle iade veya değişim talep ediyorum. Yardımcı olabilir misiniz? Teşekkür ederim.",0,customer_service,cs_02642,tr
"Merhaba, Sony WH-1000XM4 kulaklıklarımın sol kulaklığında ses düşüklüğü yaşıyorum. Bu kulaklıkların iadesini veya değişimini talep ediyorum. Yardımlarınızı rica ederim. Teşekkürler.",0,customer_service,cs_02411,tr
Bilgisayarımda yüklü olan bir program sürekli çöküyor. İşlemlerimin yarıda kalmasına sebep oluyor ve çok rahatsız edici bir durum.,0,customer_service,cs_01252,tr
Kredi skorum düşük olduğu için kredi başvurum reddedildi. Sebebini öğrenebilir miyim?,0,customer_service,cs_00344,tr
"Anladım, peki bunu nasıl yükseltebilirim?",0,customer_service,cs_00344,tr
Yine yanlış ürün gönderildi! Bu hatayı kaç kere yaşadım? Gerçekten artık bıktım!,0,customer_service,cs_01905,tr
Her defasında aynı hatayı yapıyorsunuz! Bu kadar basit bir işlem nasıl bu kadar yanlış olabilir?,0,customer_service,cs_01905,tr
Gerçekten bu hatayı bir daha yaşamamayı umuyorum. Artık sabrım kalmadı!,0,customer_service,cs_01905,tr
"Merhaba, birkaç gün önce aldığım siyah deri ceketin kolu sökülmüş durumda geldi. Mağazanıza iade ve değişim süreci hakkında bilgi alabilir miyim? Sipariş numaram 9291271595, İsim: Fadime, Telefon numaram: +90 585 4488566.",0,customer_service,cs_02536,tr
"Selamlar Gadget World Online Store, Sony DSC-RX100M5A'yı satın aldım ancak fotoğrafların kalitesi beklentimin altında çıktı. Çözüm önerilerinizin işe yaramaması üzerine, ürünün iadesini veya değişimini talep etmek istiyorum. Sipariş numaram <order_num>. Yardımcı olduğunuz için teşekkürler.",0,customer_service,cs_02400,tr
"Merhaba sevgili Tedarikçi Destek Ekibi, geçen hafta sipariş ettiğim iPhone 12 Pro Max'in kamera lensinde bir çatlak fark ettim. Lütfen bir değişim düzenlemenizi rica ediyorum. Sipariş numaram <order_num>, lütfen bana <email> veya +90 575 4084202 aracılığıyla geri dönüş yapın. Herhangi bir ek bilgiye ihtiyaç duyarsanız da ulaşmaktan çekinmeyin. Saygılarımla, Seda",0,customer_service,cs_02500,tr
"Merhaba Sevgili Shoe Online Desteği, Ayakkabılarımı yanlış numara gönderdiniz. Numarası 40 olan bir model istemiştim ancak 39 numara geldi. Lütfen bunun için bir iade ve değişim işlemi başlatmanızı rica ediyorum. Sipariş numaram<order_num> , bilgi almak için ise e-posta adresim<email> veya telefon numaram+90 537 9341653 . Şimdiden teşekkür ederim.",0,customer_service,cs_02437,tr
"Merhaba, Acme Ayakkabı Mağazası ekibi! Son satın aldığım spor ayakkabılarımın numarasının yanlış olduğunu fark ettim ve bunun için bir iade ve değişim işlemi başlatmak istiyorum. Yardımcı olabilir misiniz? Teşekkürler, Ece",0,customer_service,cs_02150,tr
"Merhaba, Samsung Galaxy S20 telefonumun şarj sorunları yaşıyorum. Telefonun iadesini veya değişimini talep ediyorum. Yardımcı olabilir misiniz? Teşekkürler.",0,customer_service,cs_02441,tr
"Merhaba, dün sipariş verdiğim kot pantolonum maalesef bana küçük geldi. Bu yüzden iade veya değişim yapmak istiyorum. Nasıl bir süreç izlemeliyim?",0,customer_service,cs_02175,tr
"Merhaba sevgili destek ekibi, Geçen ay yaptığım Netflix aboneliği için fatura ödememde beklenmedik bir artış oldu. Bu konu hakkında bilgi alabilir miyim? Teşekkürler.",0,customer_service,cs_00116,tr
"Sayın BT Hizmet Desteği, Jira yazılımımız 8.20 ile ilgili kritik bir sorun yaşıyorduk. Ancak sizin rehberliğiniz sayesinde bu sorunları tamamen çözdüm! Çok teşekkür ederim!",0,customer_service,cs_01208,tr
"Yardımınız için tekrar teşekkür ederim, umarım bu sorun bir daha tekrarlanmaz. Harika bir destek ekibiniz var!",0,customer_service,cs_01208,tr
"Gönderdiğiniz mikrodalga fırın çalışmıyor. Yeni ürün alıyoruz, arızalı ürün değil!",0,customer_service,cs_01675,tr
Bu kadar basit bir kontrolü yapmadan nasıl gönderiyorsunuz? Zamanımı boşa harcıyorsunuz.,0,customer_service,cs_01675,tr
Umarım bir daha böyle bir sorun yaşamam. Sabır taşırıyorsunuz.,0,customer_service,cs_01675,tr
Web sitenizden aldığım kahve makinesi sipariş ettiğim model değil. İade ve değişim istiyorum.,0,customer_service,cs_01956,tr
"Sipariş numaram 12345 ve yanlışlıkla Black & Decker 12-Cup Programlanabilir Kahve Makinesi geldi, aslında Cuisinart 12-Cup Kahve Makinesi sipariş etmiştim.",0,customer_service,cs_01956,tr
"Peki, yeni kahve makinesini ne zaman alabilirim?",0,customer_service,cs_01956,tr
Anladım. Daha fazla yapmam gereken bir şey var mı?,0,customer_service,cs_01956,tr
"Tamam, ama bu sürecin bu kadar uzun sürmesi sinir bozucu. Daha hızlı çözüm beklerdim.",0,customer_service,cs_01956,tr
"Merhaba, İndüksiyonlu Ocak sipariş ettim ve bir değişim teklifi olduğunu gördüm. Bu indirimden yararlanabilir miyim?",0,customer_service,cs_01974,tr
"Tabii ki, #123456789.",0,customer_service,cs_01974,tr
Bu adil değil. İndirimi görmemiştim! Böyle bir durumla karşılaşmak hiç hoş değil.,0,customer_service,cs_01974,tr
Lütfen aktarın. Sorunumun çözülmesini istiyorum.,0,customer_service,cs_01974,tr
İndüksiyonlu Ocak sipariş ettim ve indirimi kaçırdım. Hala yararlanabilir miyim? Bu durum gerçekten sinir bozucu. Müşteri olarak böyle bir durumu hak ettiğimi düşünmüyorum.,0,customer_service,cs_01974,tr
Bekliyorum ama lütfen bu sefer çözüm bulun. Müşteri memnuniyeti sizin önceliğiniz olmalı.,0,customer_service,cs_01974,tr
Siparişimi takip edemedim. Kargo takip numarası eksikti ve ürünümü nerede olduğunu öğrenemedim.,0,customer_service,cs_01865,tr
Bu kadar basit bir bilginin eksik olması gerçekten sinir bozucu.,0,customer_service,cs_01865,tr
"Merhaba, Acer Nitro 5 AN515-45-R7Q1 laptopu aldım ve özellikle performansından memnun kalmadım. Lütfen iade sürecini başlatın. Sipariş numaram <order_num>. Eğer daha fazla bilgi gerekiyorsa, bana <email> veya +90 511 2413294 üzerinden ulaşabilirsiniz. Teşekkürler, Gökhan",0,customer_service,cs_02590,tr
Yakın zamanda bir hoparlör siparişi verdim ve onu iade etmek istiyorum. Sipariş numarası BB987654.,0,customer_service,cs_02028,tr
"Anladım, lütfen iade sürecini başlatın. İade adresim 123 Oak Street, Anytown, ABD.",0,customer_service,cs_02028,tr
Yeni aldığım dizüstü bilgisayarın bataryası şarj olmuyor.,0,customer_service,cs_00615,tr
"Model X500, geçen hafta aldım.",0,customer_service,cs_00615,tr
Tamir etmektense yeni bir tane almayı tercih ederim.,0,customer_service,cs_00615,tr
"Merhaba, sipariş ettiğim ürün kargoda kaybolmuş. Bu kadar büyük bir hata nasıl yapılır?",0,customer_service,cs_01647,tr
"Bu, sizinle ilk defa yaşadığım bir sorun değil. Sürekli kargo problemleri yaşıyorum!",0,customer_service,cs_01647,tr
"Tamam, ama lütfen bu son olsun. Yoksa başka bir firmaya geçeceğim.",0,customer_service,cs_01647,tr
"Merhaba, Acer Aspire 5 A515-56G model dizüstü bilgisayarımın dokunmatik ekranında sorun yaşıyorum. Lütfen bir iade veya değişim işlemi için yardımcı olabilir misiniz? Sipariş numaram <order_num>. Benimle e-posta yoluyla iletişime geçebilirsiniz <email> veya telefonla +90 529 4035160. Ek bilgiye ihtiyaç duyarsanız lütfen bana ulaşın. Saygılarımla, Ozan",0,customer_service,cs_02560,tr
"Merhaba, web sitenizden aldığım bir cep telefonunu iade etmek istiyorum. Pil sorunu yaşıyorum.",0,customer_service,cs_02012,tr
İki ay önce satın aldım.,0,customer_service,cs_02012,tr
Bu kabul edilemez! Neden bu kadar kısa bir iade süreniz var? Bu telefonu iade etmek ve paramı geri almak istiyorum.,0,customer_service,cs_02012,tr
"Tamam, değiştirme seçeneğini kullanacağım. Nasıl devam edeceğim?",0,customer_service,cs_02012,tr
"Merhaba, tarayıcı üzerinden kullandığım uygulama düzgün çalışmıyor. Farklı tarayıcılarda denedim ama sorun aynı.",0,customer_service,cs_01027,tr
"Evet, hepsi güncel.",0,customer_service,cs_01027,tr
"Evet, önerilen tarayıcıyı denedim ama yine de düzelmedi.",0,customer_service,cs_01027,tr
"Teşekkürler, lütfen iletin.",0,customer_service,cs_01027,tr
"Şimdilik yok, teşekkür ederim.",0,customer_service,cs_01027,tr
"Merhaba Derya Hanım, aboneliğimi yenilemek istiyorum.",0,customer_service,cs_00537,tr
"Tabii, abone numaram 7654321, adım Onur Kaya.",0,customer_service,cs_00537,tr
"Hayır, çok hızlı oldu. Teşekkür ederim.",0,customer_service,cs_00537,tr
"Merhaba, el blender'ımı iade etmek istiyorum, yardımcı olabilir misiniz?",0,customer_service,cs_02041,tr
"Blender'ım düzgün çalışmıyor, iade etmek istiyorum.",0,customer_service,cs_02041,tr
"Adresim 123 Main Street, Anytown, ABD.",0,customer_service,cs_02041,tr
"Merhaba Müşteri Desteği, aynı faturalama döngüsü içinde Adobe Photoshop 2024 aboneliğimin yenilenmesi için iki kez faturalandırıldığımı fark ettim. Bu durum beni biraz şaşırttı, ancak sizin yardımınızla çok kısa sürede çözüleceğini umuyorum! Lütfen bu sorunun çözümünde yardımcı olabilir misiniz? Teşekkür ederim.",0,customer_service,cs_00066,tr
"Merhaba, web sitenizden satın aldığım bir Akıllı Bileklik düzgün çalışmıyor ve pil ömrü çok zayıf.",0,customer_service,cs_00954,tr
Bir ay önce.,0,customer_service,cs_00954,tr
"Hayır, nasıl yapabilirim?",0,customer_service,cs_00954,tr
Denedim ama hala çalışmıyor. Bu ürün hayal kırıklığı yarattı!,0,customer_service,cs_00954,tr
"Merhaba, ödeme yaptıktan sonra hala 'ödeme bekleniyor' mesajı alıyorum. Neden böyle oldu? Ödememi yapmadığımı mı düşünüyorsunuz?",0,customer_service,cs_00277,tr
Bu gerçekten sinir bozucu! Ödemeyi yaptım ve hala bekliyor görünmesi çok saçma!,0,customer_service,cs_00277,tr
"Çok teşekkür ederim, gerçekten endişelendim. Bu tür aksaklıklar için bir çözüm öneriniz var mı?",0,customer_service,cs_00277,tr
"Merhaba, tansiyon aleti sipariş ettim, acilen ihtiyacım var. Daha hızlı teslimat seçenekleri var mı?",0,customer_service,cs_01452,tr
"Tansiyon aleti acil lazım, uzun süre bekleyemem.",0,customer_service,cs_01452,tr
"Hasta olan annem için bu alete ihtiyacım var, lütfen yardımcı olun.",0,customer_service,cs_01452,tr
"Hayır, geri ödeme istemiyorum. Bana yardımcı olabilecek birini bulabilir misiniz?",0,customer_service,cs_01452,tr
"Teşekkür ederim, yine de çok yardımcı oldunuz.",0,customer_service,cs_01452,tr
"Merhaba, bir DSLR kamera siparişi vermeye çalıştım ancak ücretsiz teslimat için uygun değilmiş, sebebini öğrenebilir miyim?",0,customer_service,cs_01480,tr
Ürün Canon EOS 90D DSLR Kamera ve ben New York'ta yaşıyorum.,0,customer_service,cs_01480,tr
Neden? Ben ücretsiz teslimatın her ürün için geçerli olduğunu düşünmüştüm.,0,customer_service,cs_01480,tr
"Anladım, bu ürün için ücretsiz teslimatı nasıl alabilirim?",0,customer_service,cs_01480,tr
Abonelik ücretlerimde bir yanlışlık olduğunu fark ettim.,0,customer_service,cs_00415,tr
"Adım Seda, numaram 456789.",0,customer_service,cs_00415,tr
"Çok teşekkür ederim, her şey yolunda görünüyor.",0,customer_service,cs_00415,tr
"Merhaba, ACME Mağazaları müşteri hizmetleri. Bugün sizinle iletişime geçiyorum çünkü son satın aldığım ACME Akıllı Saatimde birkaç gün içinde ortaya çıkan ekran sorunlarıyla karşılaştım. Saatimin değişimi konusunda yardımınızı rica ediyorum. İlginiz için teşekkür ederim. Saygılarımla, Aysel Karaca.",0,customer_service,cs_02457,tr
"Ürünüm geldi ama o kadar uzun sürdü ki, neredeyse unutmuşum. Bu kadar uzun sürmemeliydi!",0,customer_service,cs_01819,tr
"Gerçekten, bu kadar uzun süre beklemek zorunda kalmamıştım. Ne oldu da böyle oldu?",0,customer_service,cs_01819,tr
"Bir dahaki sefere, zamanında teslimat yapmanızı bekliyorum!",0,customer_service,cs_01819,tr
"Merhaba Elektronik Mağaza, Samsung Galaxy A12 aldım ancak bataryası hızlı bir şekilde azalıyor. Yakın zamanda bir yazılım güncellemesi yaptıysam da sorun çözülmedi. İade ya da değişim talep ediyorum ve sipariş numaram <order_num>. Yardımcı olabilir misiniz?",0,customer_service,cs_02247,tr
"Merhaba, Acil Yardım Ekibi, Umarım her şey yolundadır. Bugün aldığım yeni Bose Noise Cancelling Kulaklıklarımın bir kulaklığında ses sorunu yaşıyorum ve değişim talep etmek istiyorum. Bu konuda yardımlarınızı bekliyorum. Teşekkürler, Gökhan",0,customer_service,cs_02644,tr
"Faturamda 'özel hizmet ücreti' var, ama ben bu hizmeti almadım. Neden bu ücret alındı?",0,customer_service,cs_00307,tr
Hesap numaram 5566778899. Bu ücreti iptal edin ve geri ödeme yapın!,0,customer_service,cs_00307,tr
Teşekkür ederim. Bu tür hataların bir daha yaşanmaması için sisteminizi gözden geçirmenizi rica ediyorum.,0,customer_service,cs_00307,tr
M1 MacBook Air cihazım son güncellemeden sonra çok yavaşladı ve pil ömrü azaldı. Bu sorunu çözmek için ne yapabilirim?,0,customer_service,cs_01118,tr
"Önerilen adımları yaptım, sorun çözüldü. 'Azıcık aşım, kaygısız başım.' Yardımınız için teşekkür ederim.",0,customer_service,cs_01118,tr
Bu kadar kısa sürede sorunumun çözülmesi beni çok memnun etti. Harikasınız!,0,customer_service,cs_01118,tr
Ürünüm hala gelmedi! Hangi kargo şirketi ile gönderildiğini bile bilmiyorum!,0,customer_service,cs_01802,tr
"Bunu her seferinde yaşıyorum, her zaman böyle mi olacak?",0,customer_service,cs_01802,tr
"Bir daha böyle bir şey olursa, alışverişimi iptal ederim!",0,customer_service,cs_01802,tr
"Merhaba, bilgisayarımda her şey çok yavaş çalışıyor. Herhangi bir programı açarken veya dosya aktarırken uzun süre beklemem gerekiyor.",0,customer_service,cs_01316,tr
Disk temizleme işlemini gerçekleştirdim ancak hala aynı şekilde yavaş çalışıyor.,0,customer_service,cs_01316,tr
Bu ne ya? İlk defa kullanıyorum ve fatura neredeyse iki katına çıkmış! Ne kadar kötü bir hizmet sunuyorsunuz! Hemen açıklama yapın!,0,customer_service,cs_00257,tr
"Hesap numaram 123456789! Hadi bakalım, hemen çözün bu durumu!",0,customer_service,cs_00257,tr
Bunu istemedim! Hemen iptal edin ve paramı geri verin! Ne kadar rezil bir hizmet veriyorsunuz!,0,customer_service,cs_00257,tr
Hadi canım! Bunu bir daha yapmayın! Bir daha asla sizinle çalışmam!,0,customer_service,cs_00257,tr
Akıllı saatim bildirimleri düzgün şekilde göstermiyor ve senkronizasyon sorunları yaşıyorum.,0,customer_service,cs_01122,tr
Sorun hala devam ediyor. 'Ucuz etin yahnisi yavan olur.' Bu saatten beklediğim performansı alamıyorum.,0,customer_service,cs_01122,tr
Bu kadar basit bir işlevde bile sorun yaşıyor olmak hayal kırıklığı yaratıyor. Daha sağlam bir çözüm bekliyorum.,0,customer_service,cs_01122,tr
"Merhaba Sarah, web sitenizden bir sabit disk almak istiyorum ancak satıcının iade politikasını bulamıyorum. Yardımcı olabilir misiniz?",0,customer_service,cs_01465,tr
Ürünün adı Seagate Backup Plus Slim 2TB Harici Sabit Disk Taşınabilir HDD.,0,customer_service,cs_01465,tr
"Peki, ürün için bir garanti var mı?",0,customer_service,cs_01465,tr
"Merhaba, aboneliğimi yenilemek istiyorum ama biraz daha iyi bir teklif alabilir miyim?",0,customer_service,cs_00628,tr
"Çok iyi olur, ne tür bir indirim yapabilirsiniz?",0,customer_service,cs_00628,tr
"Harika, lütfen yenileyin.",0,customer_service,cs_00628,tr
"Görünüm beklenenden farklı, ürünü değiştirmek istiyorum. Mümkün mü?",0,customer_service,cs_02482,tr
"Merhaba, Ayşe Online Moda Mağazası'ndan bir elbise siparişi verdim ancak yanlış beden gönderildi. İade yapmak istiyorum. Sipariş numaram <order_num>. Teşekkür ederim.",0,customer_service,cs_02629,tr
"Merhaba, siparişimde beklediğim ürün yerine farklı bir ürün geldi. Üzgünüm ama bu konuda yardımcı olabilir misiniz?",0,customer_service,cs_01854,tr
Bu durum biraz moralimi bozdu ama anlayışla karşılıyorum. Yardımınız için teşekkür ederim.,0,customer_service,cs_01854,tr
Çok teşekkür ederim. Bir dahaki sefere daha dikkatli olacağınızı umuyorum.,0,customer_service,cs_01854,tr
"Faturama 'işlem ücreti' eklenmiş. Ben işlem yapmadım, neden böyle bir ücret var?",0,customer_service,cs_00295,tr
Hesap numaram 6677889900. Bu ücretin neden alındığını öğrenmek istiyorum!,0,customer_service,cs_00295,tr
"Çok teşekkür ederim. Hızlıca çözüm sundunuz, ama bu tür hataların tekrar olmaması için bir şeyler yapmanızı rica ediyorum.",0,customer_service,cs_00295,tr
"Selamlar, Sony WH-1000XM4 kulaklığımı kullanırken ses kalitesinde sürekli sorunlar yaşıyorum. Bu ürünün iadesini veya değişimini istiyorum. Süreçle ilgili yardımınızı bekliyorum. TEŞEKKÜRLER.",0,customer_service,cs_02306,tr
"Merhaba, hesabıma giriş yapamıyorum. Şifremi sıfırlamam gerekiyor.",0,customer_service,cs_00500,tr
"Ahmet, doğum yılım 1985.",0,customer_service,cs_00500,tr
"Aslında, e-posta adresimi değiştirmek istiyorum. Yeni adresim daha güvenli olacak.",0,customer_service,cs_00500,tr
"Yeni adresim ahmet.kaya@gmail.com, telefonum ise 05321234567.",0,customer_service,cs_00500,tr
"Teşekkürler, harikasınız.",0,customer_service,cs_00500,tr
"Merhaba, Kıyafet Yıldızı Müşteri Desteği, son aldığım kot pantolonun bedeni bana uygun gelmediğinden iade etmek istiyorum. Ürünü iade süresi içerisinde fark ettim ve size geri göndermek istiyorum. Yeni bir beden ya da farklı bir ürünle değişim yapabilir miyim? Lütfen bana iade ve değişim süreci hakkında bilgi verin. Teşekkürler, Kübra 6703082212 +90 590 6351684",0,customer_service,cs_02531,tr
"Merhaba, geçen hafta mağazanızdan aldığım beyaz spor ayakkabılarımın numarası yanlış geldi. Değişim sürecinde bana yardımcı olabilir misiniz? Sipariş numaram 6887910406. Teşekkürler, Süleyman, +90 590 5482889.",0,customer_service,cs_02575,tr
Hesabımdaki kişisel bilgileri güncellemek istiyorum. Taşındığım için adresimi değiştirmem gerekiyor. Ayrıca yeni bir telefon numarası aldım ve bu bilgiyi de güncellemek istiyorum. Bunu nasıl yapabilirim?,0,customer_service,cs_00803,tr
"Merhaba sevgili Moda Trendi Destek Ekibi, son aldığım kırmızı elbisenin bedeni biraz büyük geldi ve rengi de fotoğraftakinden farklı. Bu nedenle iade veya değişim yapmak istiyorum. Yardımcı olabilir misiniz?",0,customer_service,cs_02207,tr
"Merhaba, hizmetiniz gerçekten harika! Faturamı kontrol ettim ve her şey gayet düzgün görünüyor. Çok teşekkür ederim!",0,customer_service,cs_00265,tr
"Gerçekten çok naziksiniz, çok teşekkür ederim. Her şeyin bu kadar kolay ve hızlı çözülmesi çok hoş. İyi çalışmalar!",0,customer_service,cs_00265,tr
Şu an için her şey mükemmel. Tekrar teşekkür ederim!,0,customer_service,cs_00265,tr
"Merhaba, çevrimiçi ödeme portalınız üzerinden yapmış olduğum yeni bir Netflix aboneliği için fatura alamadım. Ödeme yapıldı ancak buna rağmen fatura tarafıma hala ulaşmadı. Lütfen bu konuda bana yardımcı olur musunuz?",0,customer_service,cs_00122,tr
"Merhaba, geçen hafta aldığım kot pantolonun bedeni biraz dar geldi ve değiştirmek istiyorum. Nasıl bir süreç izlemeliyim? Sipariş numaram 123456. Teşekkürler, Ayşe, 0555 555 55 55.",0,customer_service,cs_02219,tr
"Merhaba, yakın zamanda bir meyve sıkacağı satın aldım ve kurulumla ilgili sorumluluğun kimde olduğunu bilmiyorum. Marka mı yoksa e-ticaret şirketi mi?",0,customer_service,cs_00943,tr
XYZ markası.,0,customer_service,cs_00943,tr
"Çok iyi, kurulum konusunda bana rehberlik edebilir misiniz?",0,customer_service,cs_00943,tr
"Muhteşem! Çok teşekkür ederim, bu çok yardımcı oldu.",0,customer_service,cs_00943,tr
"Merhaba Cihan Bey, aboneliğimin süresi dolmak üzere. Yenilemek istiyorum.",0,customer_service,cs_00510,tr
E-posta adresim ahmet_saglam@hotmail.com.,0,customer_service,cs_00510,tr
"Evet, telefon numaramı güncellemek istiyorum. Yeni numaram 05554443322.",0,customer_service,cs_00510,tr
"Girdim, her şey yolunda görünüyor. Teşekkür ederim!",0,customer_service,cs_00510,tr
"Merhaba, BrownBox'tan bir klima satın aldım ve teslimat süreci hakkında bilgi almak istiyorum.",0,customer_service,cs_01498,tr
"Tabii, numaram 123456.",0,customer_service,cs_01498,tr
Standart teslimatı seçtim.,0,customer_service,cs_01498,tr
"Merhaba, müşteri hizmetleri. Umarım iyi olduğunuzu umuyorum. Yakın tarihlerde satın aldığım Nike Air Max spor ayakkabılarımın üzerinde beklenmedik bir şekilde açılan bir dikiş bulunuyor. Bu durumda değişim talebim için yardımınıza ihtiyacım var. Hızlı geri dönüşünüzü bekliyorum. Teşekkürler,Emre",0,customer_service,cs_02578,tr
"Aldığım ürün tamamen hatalı! Üzerinde lekeler var, bu kadar kötü bir kaliteyi kabul etmiyorum!",0,customer_service,cs_01733,tr
Bu kadar kötü bir ürün nasıl gönderilir? Hemen değişim talep ediyorum!,0,customer_service,cs_01733,tr
Bir daha asla buradan alışveriş yapmam! Bu kadar kötü bir deneyim yaşadım!,0,customer_service,cs_01733,tr
"Evet, kargo takibinde siparişimin başka bir adrese teslim edildiği yazıyor.",0,customer_service,cs_01552,tr
654321098.,0,customer_service,cs_01552,tr
Bu durum ne kadar sürecek?,0,customer_service,cs_01552,tr
Umarım bu bir daha tekrarlanmaz.,0,customer_service,cs_01552,tr
"Merhaba, Acme Ayakkabı Mağazası. Geçen hafta aldığım siyah spor ayakkabılarımın numarası yanlış geldi ve ayağımı sıkmakta. Ürünü iade etmek ve doğru numarasıyla değiştirmek istiyorum. Sipariş numaram <order_num>. Yardımcı olabilir misiniz?",0,customer_service,cs_02231,tr
"Merhaba sevgili YardımcıMarket müşteri hizmetleri, aldığım taşınabilir blender cihazımda bir sorun var. Cihaz çalışırken beklenmedik şekilde duruyor ve düzgün çalışmıyor. Bu ürünü iade etmek ve değiştirmek istiyorum. Yardımcı olabilir misiniz? Arzu.",0,customer_service,cs_02145,tr
"Merhaba, iPhone X cihazımda beklenmeyen bir şekilde kapanmalar yaşıyorum ve ayrıca arama yaparken ses kesilmesi yaşıyorum. Bu cihazın iadesini veya değişimini talep etmek istiyorum. Yardımcı olabilir misiniz? Teşekkür ederim.",0,customer_service,cs_02630,tr
"Merhaba, ayakkabı siparişimde yanlış renk geldi. İade ve değişim yapabilir miyim?",0,customer_service,cs_02179,tr
"Merhaba, ödeme yapmaya çalışırken sürekli hata alıyorum. Bu durum çok can sıkıcı. Lütfen yardım edin!",0,customer_service,cs_00149,tr
Kredi kartı kullanıyorum ve 'ödeme reddedildi' şeklinde bir mesaj alıyorum. Ancak kartımda yeterli bakiye var.,0,customer_service,cs_00149,tr
"Tamam, farklı bir tarayıcıdan deneyeceğim. Umarım işe yarar.",0,customer_service,cs_00149,tr
"Merhaba, siparişimi takip etmekte sorun yaşıyorum. Takip bilgilerini bulamıyorum.",0,customer_service,cs_01368,tr
Sipariş numaram 789012 ve geçen ayın 20'sinde satın aldım.,0,customer_service,cs_01368,tr
Neden bundan haberdar edilmedim?,0,customer_service,cs_01368,tr
"Peki, ne olacak? Siparişim ne zaman teslim edilecek?",0,customer_service,cs_01368,tr
"Evet, satın almayı düşündüğüm dizüstü bilgisayarın teknik detaylarıyla ilgili bazı sorularım var.",0,customer_service,cs_01548,tr
Model HP Spectre x360.,0,customer_service,cs_01548,tr
Pil ömrü ne kadar?,0,customer_service,cs_01548,tr
"Çok teşekkürler, sanırım kararımı verdim.",0,customer_service,cs_01548,tr
"Merhaba, sadakat programı ve buzdolabı satın alırken sadakat puanlarımı nasıl kullanacağım hakkında bir sorum var.",0,customer_service,cs_00033,tr
Kimliğim BBLP12345.,0,customer_service,cs_00033,tr
"Peki, puanlarımı nasıl kullanırım?",0,customer_service,cs_00033,tr
Ödeme planımı gözden geçirmek ve taksitlendirmek istiyorum.,0,customer_service,cs_00376,tr
Kişisel kredim için.,0,customer_service,cs_00376,tr
Süreyi ne kadar uzatabiliriz?,0,customer_service,cs_00376,tr
"Bu daha uygun olacak, lütfen güncelleyin.",0,customer_service,cs_00376,tr
"Teşekkürler, yardımınız için.",0,customer_service,cs_00376,tr
"Merhaba, yeni kurduğum uygulama açılmadan hemen kapanıyor. Sorunun ne olabileceğini anlayamıyorum.",0,customer_service,cs_01287,tr
"Evet, gereksinimleri karşılıyorum gibi görünüyor. Yüklemeyi de tekrar denedim ama değişmedi.",0,customer_service,cs_01287,tr
Yanlış bir e-posta adresiyle hesap açtım ve artık giriş yapamıyorum. Bu sorunu nasıl çözebilirim?,0,customer_service,cs_00855,tr
"Selam, sizden aldığım iPhone 12 Pro Max'in kamerası düzgün çalışmıyor. İade veya değişim yapabilir miyiz? Sipariş numaram 1286877065 . Saygılarımla, Sami , +90 545 7064276 .",0,customer_service,cs_02339,tr
"Şarj aleti yanlış gönderilmiş, değişim yapmak istiyorum. Memnun değilim.",0,customer_service,cs_02512,tr
"Selam Tech Online Mağaza, geçtiğimiz hafta sizden bir Samsung Galaxy S20 satın aldım ancak cihazın ekranı düzgün çalışmıyor. Sorun giderme çözümlerini denedim ama hiçbiri işe yaramadı. Bu durumda, ürünü değiştirmek istiyorum. Sipariş numaram <order_num>. Yardımınız için teşekkürler.",0,customer_service,cs_02267,tr
"Merhaba, hediye olarak gönderdiğim ürünün boyutu yanlış geldi. Bu konuda nasıl yardımcı olabilirsiniz?",0,customer_service,cs_01919,tr
"Merhaba Jack, ben Maria. Son siparişimle ilgili bir sorunum var.",0,customer_service,cs_01397,tr
"Tabii, BB123456789.",0,customer_service,cs_01397,tr
"Bazı ürünleri gönderemiyorum, hızlı teslimat seçeneklerini merak ediyorum.",0,customer_service,cs_01397,tr
Bir hoparlör sipariş ettim ancak gönderilemiyor. Acilen ihtiyacım var.,0,customer_service,cs_01397,tr
Acilen hoparlöre ihtiyacım var ve ekspres kargo için ödeme yapmaya hazırım. Neden daha hızlı gönderemiyorsunuz?,0,customer_service,cs_01397,tr
Lütfen bir çözüm bulun. Bu kadar gecikme kabul edilemez.,0,customer_service,cs_01397,tr
"Merhaba, Sandviç Makinesi satın aldım ancak garanti kartını kaybettim. Ürün artık çalışmıyor, garantiyi talep etmem gerekiyor. Yardımcı olabilir misiniz?",0,customer_service,cs_01416,tr
Sipariş numaram BB789012 ve 1 Haziran'da satın aldım.,0,customer_service,cs_01416,tr
"Fişim yok ama ürün yanımda. Seri numarasını verebilirim. Bu durum gerçekten çok can sıkıcı, bir daha asla böyle bir durum yaşamak istemem!",0,customer_service,cs_01416,tr
Seri numarası S12345.,0,customer_service,cs_01416,tr
"Merhaba, BrownBox'tan aldığım tansiyon aleti düzgün çalışmıyor ve iade etmek istiyorum.",0,customer_service,cs_02053,tr
"Bu kabul edilemez, para iadesi istiyorum.",0,customer_service,cs_02053,tr
"Tamam, bunu yapın. İletişim bilgilerim şunlar: telefon numaram 987654321 ve e-postam Serap@email.com.",0,customer_service,cs_02053,tr
"Sayın Teknik Destek, yazıcıyı bilgisayarıma bağladığımda bir hata mesajı alıyorum: 'Bağlantı hatası, cihaz algılanamadı.' Bu sorunu nasıl çözebilirim?",0,customer_service,cs_01251,tr
"Merhaba, BrownBox'tan aldığım ıslak öğütücüyü iade etmek istiyorum. Çalışmıyor ve hayal kırıklığına uğradım.",0,customer_service,cs_01988,tr
"Evet, ürün kullanılmadı ve orijinal ambalajı da mevcut.",0,customer_service,cs_01988,tr
Ancak ürünü 14 günden fazla bir süre önce aldım. Hala iade edebilir miyim?,0,customer_service,cs_01988,tr
Bu durum beni hayal kırıklığına uğrattı. Desteğiniz için teşekkür ederim.,0,customer_service,cs_01988,tr
"Sayın BT Hizmetleri Destek Ekibi, AWS Yönetim Hizmeti'nde yoğun saatlerde hizmet kısıtlaması yaşadıktan sonra ücretlerde tutarsızlıklar fark ettim. Bu gerçekten çok kafa karıştırıcı bir durum! Lütfen bu sorunu açıklığa kavuşturma ve çözme konusunda yardımcı olabilir misiniz? Yardımınızı bekliyorum. Saygılarımla.",0,customer_service,cs_00063,tr
"Merhaba, iyi akşamlar. Geçtiğimiz hafta ev tekstili mağazanızdan aldığım Londra serisi yorganı düğün hediyesi olarak aldık ancak eşimle renginden memnun kalmadık. Değişim yapabilir miyiz? Teşekkürler. İyi çalışmalar. Saygılarımla, Melis",0,customer_service,cs_02154,tr
"Hesap numaram 3344556677! Hadi, hemen çözün!",0,customer_service,cs_00263,tr
Yeter artık! Bir daha asla sizinle çalışmam!,0,customer_service,cs_00263,tr
"Selam, geçen hafta aldığım siyah deri ceketin birkaç dikişi açılmış durumda ve bu durum beni hayal kırıklığına uğrattı. Sizce iade mi yapmalıyım, yoksa değişim mi talep etmeliyim? Yardımınızı rica ediyorum.",0,customer_service,cs_02230,tr
"Merhaba, Ayakkabı numaramı yanlışlıkla seçerek 36 numara yerine 37 numara bir ayakkabı aldım. Değişim talebim için yardımcı olabilir misiniz? Sipariş numaram XYZ123. Teşekkürler.",0,customer_service,cs_02405,tr
"Merhaba, Acme Giyim Mağazası. Geçen hafta sipariş ettiğim pantolon bedeni biraz büyük geldi. İade ve değişim talebinde bulunmak istiyorum. Sipariş numaram <order_num>. Teşekkürler.",0,customer_service,cs_02466,tr
Ürünüm kırık geldi! Nasıl bir iş yapıyorsunuz?,0,customer_service,cs_01782,tr
Bu kadar basit bir şey nasıl yapılmaz? Bu kadar sorumsuz olunmaz!,0,customer_service,cs_01782,tr
"Bir daha asla alışveriş yapmam, bu kadar büyük bir hata nasıl yapılır?",0,customer_service,cs_01782,tr
"Merhaba, siparişim zamanında teslim edildi ve ürün tam istediğim gibi. Gerçekten çok memnun kaldım, teşekkür ederim!",0,customer_service,cs_01739,tr
"Şu an için başka bir şey yok, ancak gerçekten harika bir deneyim yaşadım. Herkesin bu hizmeti denemesi gerektiğini düşünüyorum!",0,customer_service,cs_01739,tr
"Merhaba, hesabımı başka bir cihazdan yönetmek istiyorum, ancak doğrulama kodu almıyorum.",0,customer_service,cs_00547,tr
05436667788.,0,customer_service,cs_00547,tr
"Evet, bu sefer geldi. Teşekkür ederim.",0,customer_service,cs_00547,tr
"Hayır, şimdilik bu kadar. Çok teşekkürler.",0,customer_service,cs_00547,tr
"Merhaba Sarah, web sitenizden aldığım mutfak robotu düzgün çalışmıyor, iade etmek istiyorum.",0,customer_service,cs_01966,tr
"Evet, bir değiştirme istiyorum.",0,customer_service,cs_01966,tr
"Tamam, hediyeyi de iade ederim. Nasıl yapacağım?",0,customer_service,cs_01966,tr
"Anladım, teşekkürler. Temsilci",0,customer_service,cs_01966,tr
Hesabımda oturum açamıyorum ve şifremi sıfırlamak istiyorum. Ancak e-posta adresime sıfırlama bağlantısı gelmiyor. Spam klasörünü de kontrol ettim ama hala bir şey yok. Bu durumda ne yapmam gerekiyor? Yardım edebilir misiniz?,0,customer_service,cs_00776,tr
"Merhaba, geçen hafta mağazanızdan aldığım siyah deri cekette bir dikiş hatası fark ettim. Değişim süreci hakkında bilgi almak istiyorum. Sipariş numaram 9984870625, adım ise Erdi. Teşekkür ederim, +90 523 9700549.",0,customer_service,cs_02456,tr
"Faturama 'işlem ücreti' eklenmiş, ancak ben herhangi bir işlem yapmadım. Bu ücretin neden olduğunu açıklayın lütfen.",0,customer_service,cs_00300,tr
Hesap numaram 4455667788. Bu ücretin neden olduğunu öğrenmek istiyorum.,0,customer_service,cs_00300,tr
"Teşekkür ederim. Ancak, bu tür hataların tekrar yaşanmaması için bir şeyler yapmanız gerektiğini düşünüyorum.",0,customer_service,cs_00300,tr
"Merhaba, yeni bir MacBook Air M1 satın aldım ancak kurulumda zorluk çekiyorum. Yardımcı olabilir misiniz lütfen?",0,customer_service,cs_00935,tr
"Merhaba, Tech Online Store Destek ekibi, Samsung Galaxy A51 telefonumda bir dizi sorun yaşıyorum ve iade etmek istiyorum. Telefon sık sık donuyor ve kapanıyor. Bu konuda ne yapabilirim? Yardımcı olursanız sevinirim, Efe.",0,customer_service,cs_02280,tr
"Merhaba, bu sorunu 3. kez yaşıyorum! Faturamda yanlış bir ücretlendirme var ve her seferinde çözülmedi! Bu durumu artık çözüme kavuşturun!",0,customer_service,cs_00268,tr
"Bu kadar kez yaşandıktan sonra gerçekten sabrım kalmadı! Aboneliğimi hemen iptal edin, artık bu hizmeti kullanmak istemiyorum!",0,customer_service,cs_00268,tr
Bu kadar kötü bir hizmet deneyimi yaşadım. Umarım bir daha böyle bir şey yaşamam.,0,customer_service,cs_00268,tr
"Merhaba, Müşteri Hizmetleri ekibinin yetkilisi. Asus ROG Phone II model telefonumda maalesef sorunlar yaşamaktayım. Bataryası istenilen performansı karşılamıyor ve kamerası ile ilgili düzensizlikler mevcut. İade veya değişim talebinde bulunmak istiyorum. Bununla ilgili ne yapmam gerektiğini lütfen belirtir misiniz? İlgili destek numaram +90 557 3818143. Teşekkürler, Kazım",0,customer_service,cs_02328,tr
"Merhaba, aldığım buzdolabı doğru sıcaklıkta soğutmuyor.",0,customer_service,cs_00749,tr
"Normalde 4 dereceye ayarlıyorum, ancak içerideki yiyecekler hâlâ soğuk değil.",0,customer_service,cs_00749,tr
"Hayır, onu kontrol etmedim. Ne yapmam gerekiyor?",0,customer_service,cs_00749,tr
"Evet, bir teknisyen gelirse iyi olur.",0,customer_service,cs_00749,tr
"Merhaba, geçen hafta sizden bir tane 55 inçlik LED TV satın aldım. Ancak, televizyonun ekranında birkaç pikselde renk bozulması olduğunu fark ettim. İade ve değişim süreci hakkında bilgi alabilir miyim? Sipariş numaram 6552379822. Teşekkür ederim, Leyla, +90 558 2049258.",0,customer_service,cs_02561,tr
Cihazımın çalışmasıyla ilgili yaşadığım sorunlara yönelik destek ekibinizin hızlı yanıtı beni çok etkiledi. Bu kadar profesyonel bir ekip beklemiyordum!,0,customer_service,cs_01192,tr
Daha önce bu kadar etkili bir hizmet almamıştım. Çok memnunum. Kesinlikle sizi tavsiye edeceğim!,0,customer_service,cs_01192,tr
"Merhaba, son aldığım ürünü iade etmek istiyorum. Ürünle ilgili sorunlarım var.",0,customer_service,cs_02128,tr
Ürünü aldım ve maalesef istediğim gibi çalışmıyor. İade ve değişim yapabilir miyim?,0,customer_service,cs_02128,tr
"Sayın Müşteri Destek Ekibi, Kritik bir satış öncesi sunum sırasında Microsoft Office 365'te oturum açma sorunlarını bildirmek için yazıyorum. Müşterilerimiz oturum açamıyor ve bu, ürünü etkili bir şekilde görüntüleme yeteneğimizi etkiliyor. Bu konunun bir an önce çözülmesi için acil yardıma ihtiyacımız var. Anlayışınız ve bu acil konuya hemen ilgi gösterdiğiniz için teşekkür ederiz. Samimi olarak,Kadir<company_name>+90 579 9197017<email>",0,customer_service,cs_00606,tr
"Sevgili Tech Online Store Müşteri Desteği, Windows 11 dizüstü bilgisayarımda bazı performans sorunları yaşıyordum. Ancak bu sorunları sizin önerilerinizle tamamen çözdüm! Harika bir iş çıkardınız.",0,customer_service,cs_01213,tr
"Yardımınız için tekrar teşekkür ederim, umarım bu sorun bir daha tekrarlanmaz. Müşteri memnuniyetine verdiğiniz değer gerçekten çok iyi.",0,customer_service,cs_01213,tr
"Merhaba, internet faturamda beklemediğim bir artış var. Lütfen bu ücretin nedenini açıklayabilir misiniz?",0,customer_service,cs_00168,tr
Hesap numaram 1122334455. Bu artışın nedenini öğrenmek istiyorum.,0,customer_service,cs_00168,tr
"Selamlar, Gizmo Online Market'ten Samsung Galaxy S20'yi satın aldım fakat ses kalitesinde ciddi bir sorun olduğunu fark ettim. Ses tam olarak çıkmıyor. Çeşitli çözüm önerilerini denedim ancak çözüme ulaşamadım, bu yüzden telefonun değişimini talep ediyorum. Sipariş numaram <order_num>. Yardımcı olursanız sevinirim.",0,customer_service,cs_02338,tr
"Merhaba, Mutfak Davlumbazı siparişi vermek için cep telefonu numaramı ve e-posta adresimi doğrulamaya çalışıyorum ancak doğrulama kodunu alamıyorum.",0,customer_service,cs_00435,tr
Cep telefonu numaram 9876543210 ve e-posta adresim jane@email.com.,0,customer_service,cs_00435,tr
"Hayır, henüz herhangi bir kod almadım.",0,customer_service,cs_00435,tr
"Tüm klasörleri kontrol ettim, ancak herhangi bir kod almadım.",0,customer_service,cs_00435,tr
Telefon görüşmesi yapabiliriz.,0,customer_service,cs_00435,tr
Teşekkür ederim. İyi günler.,0,customer_service,cs_00435,tr
"Merhaba, geçen hafta aldığım spor ayakkabılarımın birinde delik olduğunu fark ettim. İade ve değişim işlemleri hakkında bilgi alabilir miyim? Sipariş numaram 2949643488. Teşekkürler,Sevda, +90 569 9211513",0,customer_service,cs_02606,tr
"Merhaba müşteri hizmetleri, Netflix üyeliğim için fatura ve ödeme konularında kafam karıştı. Ne oluyor? Ödeme planımda bir şeyler yanlış mı? Bu kadar belirsizlik olamaz! Lütfen hemen açıklama yapın!",0,customer_service,cs_00071,tr
"Merhaba Can, aldığım elektrikli pişirici çalışmayı bıraktı ve yedek istiyorum.",0,customer_service,cs_00975,tr
"Ancak, cihazı artık kullanamam.",0,customer_service,cs_00975,tr
"Hayır, yardımcı olabilir misiniz?",0,customer_service,cs_00975,tr
"Tamam, deneyeceğim.",0,customer_service,cs_00975,tr
"Teşekkürler, Can.",0,customer_service,cs_00975,tr
"Sayın Tech Online Mağaza Müşteri Desteği Müşterisi, yakın zamanda ekibimizin bulut hizmetleri için yıllık Microsoft Office 365 aboneliğimde aşırı bir ücret olduğunu fark ettim. Bu sorunu çözmeme yardım edebilir misin? Hesap numaram3632592750 . Hızlı bir çözümden memnun olurum. Teşekkür ederim,Kübra+90 541 4188187",0,customer_service,cs_00609,tr
"Evet, siparişimde üç ürün vardı ama sadece biri teslim edildi.",0,customer_service,cs_01586,tr
87654321.,0,customer_service,cs_01586,tr
"Peki, bu bilgiler sipariş esnasında neden belirtilmiyor?",0,customer_service,cs_01586,tr
"Tamam, teşekkür ederim. Umarım bir daha olmaz.",0,customer_service,cs_01586,tr
"Merhaba, hesabıma giriş yapamıyorum, cep telefonu numaramı veya e-postamı doğrulamamı istiyor. Neden?",0,customer_service,cs_00471,tr
"Peki, nasıl doğrularım?",0,customer_service,cs_00471,tr
Bağlantıyı almadım. Tekrar gönderebilir misiniz?,0,customer_service,cs_00471,tr
Cep telefonu numaram 1234567890.,0,customer_service,cs_00471,tr
Bağlantı hala gelmedi. Bu nasıl bir sistem? İnanılmaz hayal kırıklığına uğradım!,0,customer_service,cs_00471,tr
"Merhaba, Apple iPhone X telefonumda ekran donması ve batarya sorunları yaşıyorum. Cihazın iade ve değişimini talep ediyorum. Lütfen benimle iletişime geçip bu konuyu çözmemize yardımcı olun +90 592 3350875. Teşekkürler, Zafer",0,customer_service,cs_02585,tr
"Merhaba, ödeme yapmaya çalışırken sürekli hata alıyorum. Bu durum gerçekten çok can sıkıcı.",0,customer_service,cs_00199,tr
Kredi kartı kullanıyorum ve 'ödeme reddedildi' şeklinde bir mesaj alıyorum. Kartımda yeterli bakiye var.,0,customer_service,cs_00199,tr
"Tamam, başka bir tarayıcıda deneyeceğim. Umarım çözülür.",0,customer_service,cs_00199,tr
Faturamda ödeme bekleniyor ama ödeme yapmadım. Bu durumu nasıl çözebiliriz?,0,customer_service,cs_00242,tr
Hesap numaram 4455667788. Ödeme durumu hakkında bilgi almak istiyorum.,0,customer_service,cs_00242,tr
Ödeme işlemini tekrar kontrol edeceğim. Teşekkürler.,0,customer_service,cs_00242,tr
"Merhaba, hesabıma giriş yapmakta sorun yaşıyorum. Sandviç Makinem için doğru doğrulama kodunu girme deneme sayısını aştığımı söyleyen bir hata mesajı alıyorum.",0,customer_service,cs_00444,tr
E-posta adresim john.doe@example.com ve sipariş numaram BB123456789.,0,customer_service,cs_00444,tr
Telefon numaram (123) 456-7890.,0,customer_service,cs_00444,tr
"Harika, kodu aldım ve giriş yaptım. Çok teşekkür ederim!",0,customer_service,cs_00444,tr
"Hayır, her şey harika. İyi günler!",0,customer_service,cs_00444,tr
"Merhaba, geçen hafta aldığım ayakkabıların numarası biraz büyük çıktı ve değişim yapmak istiyorum. Sipariş numaram 123456. Yardımcı olabilir misiniz? TEŞEKKÜRLER, Aylin, 555-5555.",0,customer_service,cs_02204,tr
"Faturamda 'geç ödeme cezası' var, ama ben ödememi zamanında yaptım. Neden böyle bir ceza alıyorum?",0,customer_service,cs_00322,tr
Hesap numaram 5566778899. Hızlıca düzeltmenizi rica ediyorum.,0,customer_service,cs_00322,tr
"Teşekkür ederim. Ancak, böyle hataların tekrar yaşanmaması için sisteminizi gözden geçirmenizi rica ediyorum.",0,customer_service,cs_00322,tr
"Merhaba, siparişimle bir problemim var. buzdolabım dün gelmesi gerekiyordu ancak henüz gelmedi.",0,customer_service,cs_01528,tr
E-posta adresim jane.doe@email.com ve sipariş numaram 123456.,0,customer_service,cs_01528,tr
Bu saçmalık. Ekspres teslimat için ödeme yaptım.,0,customer_service,cs_01528,tr
"Yeni aldığım dijital termostat, programladığım sıcaklık ayarlarını sürekli değiştiriyor. Cihazdan hiç memnun kalmadım!",0,customer_service,cs_01100,tr
Güncellemeyi yaptım ama sorun devam ediyor. 'Dereyi görmeden paçayı sıvamak olmaz.' Bu cihazın doğru çalıştığından emin olmak istiyorum.,0,customer_service,cs_01100,tr
Bu tür basit bir sorunla uğraşıyor olmak gerçekten çok can sıkıcı. Çözüm bulana kadar cihazı kullanmayı düşünmüyorum!,0,customer_service,cs_01100,tr
"Merhaba, yardımınız için teşekkür ederim. Samsung Galaxy S21 telefonumda yaşadığım donma ve kapanma sorunları nedeniyle cihazın değiştirilmesini talep etmek istiyorum. Bu konuda yardımcı olmanızı rica ederim. Saygılarımla, Ali",0,customer_service,cs_02453,tr
Aldığım ayakkabılar tam numaramda değil. Neden numara seçimi konusunda yanlış yönlendirildim?,0,customer_service,cs_01695,tr
Bu kadar kolay olmalıydı. Zaman kaybettim ve sinirlendim.,0,customer_service,cs_01695,tr
Umarım bir daha böyle bir sorun yaşamam. Gerçekten can sıkıcı.,0,customer_service,cs_01695,tr
"Merhaba, internet bağlantım sürekli kesiliyor ve hızım çok düşük. Modemi sıfırladım ama yine de aynı sorun devam ediyor.",0,customer_service,cs_01339,tr
"Modemi güncelledim, ancak hız hala çok düşük.",0,customer_service,cs_01339,tr
"Merhaba, yeni aldığım laptopta bir sürücü yüklemeye çalışıyorum ama hata mesajı alıyorum.",0,customer_service,cs_01006,tr
'Uyumsuz donanım' diyor. Ancak sürücü doğru model için olduğunu söylüyor.,0,customer_service,cs_01006,tr
Windows 11 kullanıyorum.,0,customer_service,cs_01006,tr
"Tamam, bu yöntemle deneyeceğim. Eğer sorun çözülmezse ne yapabilirim?",0,customer_service,cs_01006,tr
"Merhaba, İade ve değişim süreci hakkında bilgi almak istiyorum. Aldığım ürünü iade etmek istiyorum çünkü beklentilerimi karşılamadı. Nasıl bir yol izlemeliyim? Teşekkürler. Mert",0,customer_service,cs_02209,tr
"Merhaba sevgili EnerjiCo müşteri hizmetleri, son faturamda beklenmedik bir artış fark ettim. Lütfen bu durumu inceleyip bana yardımcı olabilir misiniz? Hesap numaram 56789. Hızlı bir çözüm bekliyorum. Teşekkür ederim.",0,customer_service,cs_00121,tr
Adobe Photoshop 2024 için ödeme yaptım ama işlem hatası alıyorum. Böyle bir sorunla karşılaşmak gerçekten sinir bozucu!,0,customer_service,cs_00034,tr
Bu gerçekten kabul edilemez! Bir hizmet için ödeme yapıyorum ve karşılığında sürekli sorun yaşıyorum. Lütfen hemen bir çözüm bulun.,0,customer_service,cs_00034,tr
Bu kadar kötü bir deneyim yaşadım! Ürünüm tam 3 hafta sonra geldi ve hiç beklediğim gibi değil!,0,customer_service,cs_01762,tr
"3 hafta! Bu nasıl bir hizmet anlayışı? Ürünüm hasar görmüş, bir de buna çözüm bulamıyorsunuz!",0,customer_service,cs_01762,tr
Bu kadar beklemek zorunda kaldım ve şimdi de bozuk bir ürün! Gerçekten sinir bozucu!,0,customer_service,cs_01762,tr
"Merhaba Alex, bir Televizyon iade ettim ve kurye masraflarının geri ödeneceği söylendi ama herhangi bir geri ödeme almadım. Bu gerçekten sinir bozucu!",0,customer_service,cs_00017,tr
"Sipariş numarası #987654321 ve iade kimliği #123456. Daha önce de sorun yaşamıştım, bu süreçte gerçekten çok yoruldum!",0,customer_service,cs_00017,tr
"Hayır, almadım. 10 günden fazla oldu ve bu durum beni gerçekten çileden çıkardı!",0,customer_service,cs_00017,tr
"Evet, beklerim ama bu işin bir an önce çözülmesini istiyorum!",0,customer_service,cs_00017,tr
Faturamda ödeme bekleniyor ama ödemeyi zaten yaptım. Bir hata olabilir mi?,0,customer_service,cs_00236,tr
Hesap numaram 9876543210. Ödeme durumumu kontrol eder misiniz?,0,customer_service,cs_00236,tr
"Tamam, kontrol edeceğim. Teşekkürler.",0,customer_service,cs_00236,tr
Ödeme onayı almak istiyorum. İşlemim tamamlandı mı?,0,customer_service,cs_00413,tr
"30 Kasım, 450 TL.",0,customer_service,cs_00413,tr
"Çok teşekkür ederim, hemen kontrol edeceğim.",0,customer_service,cs_00413,tr
"Hayır, bu kadar. Teşekkürler.",0,customer_service,cs_00413,tr
Bp monitörü için hesabımı devre dışı bırakmak istiyorum.,0,customer_service,cs_00450,tr
Artık Bp monitöre ihtiyacım yok ve hesabımı kapatmak istiyorum.,0,customer_service,cs_00450,tr
E-posta adresim john.doe@email.com.,0,customer_service,cs_00450,tr
Aboneliği iptal etmek ve hesabı devre dışı bırakmak istiyorum.,0,customer_service,cs_00450,tr
Anladım.,0,customer_service,cs_00450,tr
"Tamam, tüm işlemleri yapacağım. Teşekkür ederim.",0,customer_service,cs_00450,tr
"Evet, web sitenizde gördüğüm indirim kodu geçerli görünmüyor. Bunun sebebi nedir?",0,customer_service,cs_01546,tr
Kodu 'YENI10' idi.,0,customer_service,cs_01546,tr
Daha önce alışveriş yaptım ama bu detayı bilmiyordum.,0,customer_service,cs_01546,tr
"Çok teşekkür ederim, şimdi daha iyi oldu!",0,customer_service,cs_01546,tr
"Merhaba, son güncellemeden sonra tabletim çok daha hızlı çalışmaya başladı. Gerçekten muhteşem bir iş çıkardınız! Teşekkür ederim.",0,customer_service,cs_01092,tr
Sizinle çalışmaktan gerçekten çok memnunum. Bu tür geliştirmelerle hayatımızı kolaylaştırıyorsunuz!,0,customer_service,cs_01092,tr
"Merhaba, sadakat programıyla ilgili bir sorunum var. Ödül puanlarımı bir Akıllı Bileklik için kullanmak istedim ancak hata mesajı aldım.",0,customer_service,cs_00015,tr
"Tabii ki, hesap numaram 123456789.",0,customer_service,cs_00015,tr
"Peki, şimdi ne yapabiliriz?",0,customer_service,cs_00015,tr
En son model Akıllı Bileklik'i istiyorum.,0,customer_service,cs_00015,tr
Web sitenizden bir Asus monitörü satın aldım ve ekstra 10$ ücret olduğunu fark ettim. Bunun nedenini açıklayabilir misiniz?,0,customer_service,cs_01511,tr
"Anladım, bu ücret için geri ödeme alabilir miyim?",0,customer_service,cs_01511,tr
"Evet, harika olur. Teşekkür ederim.",0,customer_service,cs_01511,tr
"Günaydın, QR kod tarama uygulamam çalışmıyor. Telefonumla bir türlü tarama yapamıyorum.",0,customer_service,cs_01051,tr
"Evet, her şey güncel görünüyor ama tarama çalışmıyor.",0,customer_service,cs_01051,tr
"Hayır, kontrol etmemiştim. Hemen bakacağım. Eğer sorun çözülmezse?",0,customer_service,cs_01051,tr
"Tamam, teşekkürler!",0,customer_service,cs_01051,tr
"Selam, bir süre önce sizden bir Samsung Galaxy S21 aldım, ancak cihazın şarj ömrü beklediğimden daha kötü. İade veya değişim sürecinde bana nasıl yardımcı olabilirsiniz? Sipariş numaram 1723699329. Yardımlarınız için teşekkürler, Nihat, +90 580 3298356.",0,customer_service,cs_02319,tr
"Evet, spor ayakkabı arıyorum ama dayanıklı ve hafif bir şey olsun istiyorum.",0,customer_service,cs_01577,tr
Daha çok koşu için kullanacağım.,0,customer_service,cs_01577,tr
Fiyat aralıkları nedir?,0,customer_service,cs_01577,tr
Kendim bakacağım. Teşekkürler!,0,customer_service,cs_01577,tr
"Mikrodalga Fırın siparişim gecikti, iki haftadır bekliyorum. Teslim tarihini bilmek istiyorum.",0,customer_service,cs_01440,tr
İki haftadır bekliyorum ve hala bir teslimat tarihiniz yok mu? Acil olarak ihtiyacım var. Bu sorunu çözebilecek misiniz?,0,customer_service,cs_01440,tr
"Süpervizörünüze aktarın, lütfen.",0,customer_service,cs_01440,tr
48 saat daha mı beklemem gerekiyor? Bu kesinlikle kabul edilemez. Daha hızlı bir çözüm sunamaz mısınız?,0,customer_service,cs_01440,tr
"Tamam, teşekkür ederim. Ama bir daha böyle bir sorun yaşamayacağımı umuyorum.",0,customer_service,cs_01440,tr
"Merhaba, Yardım Ekibi. Umarım her şey yolundadır. Son satın aldığım Nike Air Max spor ayakkabılarımın yan kısmında dikiş sorunu oluştu. Değişim talep etmek istiyorum. Bu konuda yardımlarınızı bekliyorum. Saygılarımla, [Müşteri Adı]",0,customer_service,cs_02552,tr
"Merhaba, Acer laptopumu iade etmek istiyorum. Maalesef pil ömrü oldukça kısa ve fan sürekli gürültü yapıyor. Nasıl bir iade süreci izlemem gerekiyor? Yardımlarınızı bekliyorum. Teşekkür ederim, <isim>",0,customer_service,cs_02528,tr
"Aldığım ürün resimdekiyle alakasız! Çok sinirliyim, iade etmek istiyorum!",0,customer_service,cs_01726,tr
Bu kadar büyük bir fark nasıl olabilir? Hemen iade talep ediyorum!,0,customer_service,cs_01726,tr
Bir daha asla buradan alışveriş yapmam! Bu kadar büyük bir hayal kırıklığı yaşadım!,0,customer_service,cs_01726,tr
"Ürün sipariş ettim ama, kutunun içinde sadece bir kağıt parçası vardı. Hani ürün?",0,customer_service,cs_01808,tr
Bu kadar basit bir hata nasıl olabilir? Beni mi kandırıyorsunuz?,0,customer_service,cs_01808,tr
Bundan sonra bir kutu açarken iki kere düşünürüm. Gerçekten güvenim sarsıldı.,0,customer_service,cs_01808,tr
"Oturum açmaya çalıştığımda doğrulama kodu talep ediliyor, ancak telefonuma veya e-posta adresime herhangi bir kod gelmiyor. Bu durumda ne yapabilirim?",0,customer_service,cs_00847,tr
"Merhaba, birkaç kez yanlış ürün gönderildi. Anlıyorum, bazen hatalar olabilir. Yardımcı olabilir misiniz?",0,customer_service,cs_01907,tr
Teşekkür ederim. Yardımınızı takdir ediyorum. Bu sefer doğru ürün gönderileceğini umuyorum.,0,customer_service,cs_01907,tr
"Çok teşekkür ederim, gerçekten naziksiniz. Yardımlarınız için minnettarım.",0,customer_service,cs_01907,tr
"Merhaba, aldığım kıyafetin beden hatalı geldiği için iade ve değişim yapmak istiyorum. Yardımcı olabilir misiniz?",0,customer_service,cs_02099,tr
"Merhaba Sinem Hanım, kredi kartımın limitini artırmak istiyorum.",0,customer_service,cs_00340,tr
Aylık gelirim 3000 TL. Müşteri numaramın son dört hanesi 1122.,0,customer_service,cs_00340,tr
"Anladım, teşekkür ederim.",0,customer_service,cs_00340,tr
Hesap şifremi değiştirdim ama yeni şifremle giriş yapamıyorum. Bu konuda ne yapmam gerekiyor?,0,customer_service,cs_00853,tr
Faturamda beklenmedik bir ücret var. Neden her zaman ekstra ücretler ekleniyor? Bu kadar kötü bir sistem olamaz.,0,customer_service,cs_00234,tr
Faturama neden 3 kat fazla ödeme yapmışım? Bu ne saçmalık! Hangi akılla bu kadar para alıyorsunuz?,0,customer_service,cs_00327,tr
"Hesap numaram 2233445566! Bu hatayı düzeltmezseniz, sosyal medyada ifşa edeceğim!",0,customer_service,cs_00327,tr
Böyle bir hata nasıl olur? Bu kadar para alıp bu kadar hatalı işlem yapıyorsunuz! Bir daha ödeme yapmam!,0,customer_service,cs_00327,tr
"Merhaba, aldığım telefon kılıfı telefonuma uymuyor. Yanlış boyut göndermişsiniz.",0,customer_service,cs_01644,tr
"Tamam, hızlı çözümünüz için teşekkür ederim. Ama bu tür hatalar dikkat dağıtıcı.",0,customer_service,cs_01644,tr
"Merhaba, mikrodalga fırın satın alırken telefon numaramı ve e-postamı doğrulamakta zorlanıyorum.",0,customer_service,cs_00459,tr
Adım Alex ve sipariş numaram BB123456789.,0,customer_service,cs_00459,tr
"Evet, bir kod aldım ama nereye gireceğimi bilmiyorum.",0,customer_service,cs_00459,tr
E-postamı kontrol edeceğim. E-postayı almazsam tekrar iletişime geçeceğim. Bu sorun gerçekten sinir bozucu!,0,customer_service,cs_00459,tr
Meyve Sıkacağı/Mikser/Öğütücü satın alırken OTP doğrulama konusunda sorun yaşıyorum.,0,customer_service,cs_00493,tr
Sipariş numaram BB67890.,0,customer_service,cs_00493,tr
Cep telefonu numaram 9876543210 ve e-posta adresim Can.doe@gmail.com.,0,customer_service,cs_00493,tr
Son iki gündür bu ürünü satın almaya çalışıyorum ve OTP'yi alamıyorum. Bu durum beni gerçekten rahatsız ediyor.,0,customer_service,cs_00493,tr
"Değerli Müşteri Desteği, AWS Yönetim Hizmeti teklifimizi optimize etmek için uzman yardımına ihtiyacımız var. Performans artırımı ve maliyet düşürme konusunda rehberliğiniz önemli.",0,customer_service,cs_01237,tr
"Merhaba, yeni satın aldığım invertör için hesabıma yeni bir teslimat adresi eklemem gerekiyor.",0,customer_service,cs_00477,tr
"Adım Jane Smith, adresim 1234 Main Street, Anytown, ABD ve konut adresi.",0,customer_service,cs_00477,tr
İnvertörümün teslimat tarihini değiştirebilir miyim?,0,customer_service,cs_00477,tr
"Merhaba, hesabımdaki e-posta adresimi güncellemek istiyorum.",0,customer_service,cs_00545,tr
eski_email@example.com.,0,customer_service,cs_00545,tr
yeni_email@example.com.,0,customer_service,cs_00545,tr
"Hayır, bu kadar yeter. Çok teşekkür ederim.",0,customer_service,cs_00545,tr
Uygulamanız sürekli çöküyor ve işlem yapamıyorum.,0,customer_service,cs_00629,tr
"Android, versiyon 3.1.",0,customer_service,cs_00629,tr
"Güncellemeyi deneyeceğim, umarım işe yarar. Teşekkürler.",0,customer_service,cs_00629,tr
Hesap profilime yeni bir e-posta adresi eklemeye çalışıyorum ancak 'Bu e-posta zaten kayıtlı' hatası alıyorum. Bu sorunu nasıl çözebilirim?,0,customer_service,cs_00859,tr
"Merhaba, havaalanından aldığımız drone çalışmıyor. Lütfen iade ve değişim sürecini başlatın. Sipariş numaram <order_num>. Teşekkür ederim.",0,customer_service,cs_02489,tr
"Merhaba, Mutfak Davlumbazı siparişim yanlış adrese teslim edildi. Benim adım Tom ve sipariş numaram 123456.",0,customer_service,cs_01484,tr
"Doğru adresim 123 Main Street. Bu kabul edilemez, Mutfak Davlumbazıma ihtiyacım var!",0,customer_service,cs_01484,tr
"İyi, Mutfak Davlumbazımın en kısa sürede doğru adresime gelmesini bekliyorum.",0,customer_service,cs_01484,tr
Ürün geldi ama çok fazla talimat var. Nasıl kullanacağımı anlamadım!,0,customer_service,cs_01818,tr
"Gerçekten, bu kadar karmaşık olmamalıydı. Her şeyin basit olması gerekmez mi?",0,customer_service,cs_01818,tr
"Bir dahaki sefere, talimatlar daha net olmalı!",0,customer_service,cs_01818,tr
"Merhaba, kargomda eksik parça var. Değişim yapabilir miyim?",0,customer_service,cs_02148,tr
Faturamda beklenmedik bir ücret var. Bu konuda bilgi almak istiyorum.,0,customer_service,cs_00240,tr
Hesap numaram 3344556677. Faturamdaki ekstra ücretin nedenini öğrenmek istiyorum.,0,customer_service,cs_00240,tr
"Ödeme planımda bir değişiklik olmuş olabilir, kontrol edeceğim. Teşekkürler.",0,customer_service,cs_00240,tr
"Merhaba Serap. Web sitenizden bir Mutfak Davlumbazı sipariş ettim ve Kapıda Ödeme ile ödeme yaptım. Fakat ürün hasarlı geldi, iade etmek istiyorum.",0,customer_service,cs_02030,tr
"Tabi, #123456.",0,customer_service,cs_02030,tr
"Peki, anladım. Ürünü nasıl iade edeceğim?",0,customer_service,cs_02030,tr
"Tabi, 789 Maple Street, Anytown, ABD.",0,customer_service,cs_02030,tr
"Merhaba, ürünüm beklediğim gibi gelmedi. Gerçekten hayal kırıklığına uğradım.",0,customer_service,cs_01866,tr
"Evet, ürün gerçekten çok kötüydü. Renkleri ve kalitesi tam anlamıyla farklıydı.",0,customer_service,cs_01866,tr
Çok uzun süredir sizden alışveriş yapıyorum ama bu kez çok kötü bir deneyim yaşadım.,0,customer_service,cs_01866,tr
"Merhaba, BrownBox'tan aldığım akıllı saatimin paketi açıktı. Sanırım biri kurcalamış.",0,customer_service,cs_02063,tr
Sipariş numaram BB12345 ve ürün bir Samsung Akıllı Saat.,0,customer_service,cs_02063,tr
Ürün iyi görünüyor ancak risk almak istemiyorum. İade etmek istiyorum.,0,customer_service,cs_02063,tr
Geri ödeme konusunda endişeliyim. Ne kadar sürecek ve tam tutarı alabilecek,0,customer_service,cs_02063,tr
"Merhaba, son siparişimle ilgili bir sorunum var. Inverter'ı aldım ama paket teslimatta açılmış. İade veya değişim yapmak istiyorum.",0,customer_service,cs_02027,tr
"Adım Rachel, sipariş numaram 987654321.",0,customer_service,cs_02027,tr
"İyi, seçeneklerim neler?",0,customer_service,cs_02027,tr
Yenisiyle değiştirmeyi tercih ederim.,0,customer_service,cs_02027,tr
"Merhaba, bilgisayarımda oyun oynarken ekran çözünürlüğü sürekli düşüyor ve ekran çok bozuluyor. Sorunu nasıl çözebilirim?",0,customer_service,cs_01328,tr
Sürücüyü güncelledim ama çözünürlük sorunu devam ediyor.,0,customer_service,cs_01328,tr
"Merhaba, oyun oynarken bilgisayarımda çok fazla takılma ve donma yaşıyorum. Donanımım yeterli olmasına rağmen bu sorun devam ediyor. Ne yapmalıyım?",0,customer_service,cs_01317,tr
"Fanları kontrol ettim, ancak hala oyunlarda donma problemi devam ediyor.",0,customer_service,cs_01317,tr
"Merhaba, Trendy Teknoloji Marketi, Sony Bravia 4K TV satın aldım fakat ekranı çizik geldi. Sorunun çözümü için yardımcı olamazsanız, iadesini veya değişimini talep ediyorum. Sipariş numaram <order_num> . Yardımlarınız için teşekkürler.",0,customer_service,cs_02340,tr
DSLR kamera satın almak istiyorum ancak satıcının iade politikasını bulamıyorum. Yardım edebilir misiniz?,0,customer_service,cs_01380,tr
Satıcı adı CameraPro.,0,customer_service,cs_01380,tr
"Tabii, beklerim.",0,customer_service,cs_01380,tr
"Anladım, başka bir bilgi var mı?",0,customer_service,cs_01380,tr
"Tamam, kontrol edeceğim. Teşekkür ederim.",0,customer_service,cs_01380,tr
"Merhaba, Teknik Destek Ekibi. Son kullanma tarihi geçmiş olan bir ürünü teslim aldım ve değişim talep etmek istiyorum. Yardımcı olmanızı rica ederim. Saygılarımla, Güven, 7211749059, +90 508 1940642",0,customer_service,cs_02502,tr
Yakın zamanda bir tavan vantilatörü satın aldım ve doğru çalışmıyor. Garanti durumunu öğrenmek istiyorum.,0,customer_service,cs_00981,tr
Model numarası F1234 ve üç ay önce satın aldım.,0,customer_service,cs_00981,tr
Vantilatör gürültülü ve hızı tutarlı değil.,0,customer_service,cs_00981,tr
"Merhaba, LG Smart TV'mde video oynatma sorunları yaşıyorum. Bu ürünü iade etmek veya değiştirmek istiyorum. Bu konuda nasıl yardımcı olabilirsiniz? Teşekkürler.",0,customer_service,cs_02335,tr
"Merhaba, yazılım güncellemesinden sonra bilgisayarım çok yavaşladı.",0,customer_service,cs_01015,tr
"Tamam, bunu deneyeceğim. Eğer çözemezsem ne yapabilirim?",0,customer_service,cs_01015,tr
"Merhaba, Acme Electronics destek ekibi. Dün sipariş verdiğim iPhone 12 Pro'nun rengini değiştirmek istiyorum. Yardımcı olabilir misiniz? Sipariş numaram: <order_num>. Telefon veya e-posta aracılığıyla benimle iletişime geçebilirsiniz. Anında yardımınız bekliyorum. Teşekkürler, Murat Can.",0,customer_service,cs_02135,tr
"Merhaba, Yardım Ekibi. Bugün aldığım cep telefonu ekranı çizikli ve kamera çalışmıyor. İade etmek istiyorum. Lütfen mümkün olan en kısa sürede benimle iletişime geçin +90 510 5748947 Bu konuyla ilgili yardımınızı bekliyorum. Teşekkür ederim, Sevda",0,customer_service,cs_02576,tr
Faturamda ekstra ücretler var. Neden her ay aynı sorunla karşılaşıyorum? Bu kadar sık hata yapmanız kabul edilemez.,0,customer_service,cs_00229,tr
Hesap numaram 1122334455. Bu kadar sık hata yapmanızın bir açıklaması olmalı.,0,customer_service,cs_00229,tr
Bu hatalar yüzünden gerçekten çok sıkıldım. Bu kadar dikkatli olmanız gerekmez mi?,0,customer_service,cs_00229,tr
"Merhaba Ali, BrownBox'tan aldığım mutfak robotum düzgün çalışmıyor, tamir edilmesi veya değiştirilmesi gerekiyor.",0,customer_service,cs_02061,tr
Mutfak robotu hiç açılmıyor. Her şeyi denedim ama çalışmıyor.,0,customer_service,cs_02061,tr
"Merhaba, Optimus Kitap Market Desteği, kitap siparişimde eksik sayfalar keşfettim ve bu nedenle John Steinbeck'in 'Fareler ve İnsanlar' kitabının iadesini yapmak istiyorum. Lütfen iade süreci için bana bir yol gösterin. Saygılarımla, Melike7289261980+90 564 5772597",0,customer_service,cs_02377,tr
"Merhaba, geçen hafta iade ettiğim bir BP monitörü için iademin durumunu kontrol etmek istiyorum.",0,customer_service,cs_01945,tr
"Harika, peki tutarın hesabıma yansıması ne kadar sürecek?",0,customer_service,cs_01945,tr
Ürünü aldım ama kutunun içinde bir parça eksik. Hani o ekstra parçalar?,0,customer_service,cs_01814,tr
"Gerçekten, bu kadar basit bir hatayı nasıl yaparsınız? Her şeyin eksiksiz olması gerekmez mi?",0,customer_service,cs_01814,tr
"Bundan sonra her şeyi kontrol edeceğim, dikkatli olmalısınız!",0,customer_service,cs_01814,tr
Faturamda beklemediğim bir 'teknik servis' ücreti var. Bu ne anlama geliyor? Bunu anlamıyorum!,0,customer_service,cs_00278,tr
"Hesap numaram 987654321. Bu ücreti istemedim, lütfen açıklama yapın!",0,customer_service,cs_00278,tr
"Bu gerçekten kötü bir deneyim. Her şeyin net olmasını beklerdim. Ama teşekkür ederim, iade işlemini hızla yapmanız rahatlatıcı.",0,customer_service,cs_00278,tr
"Merhaba Alex, BrownBox'tan bir Endüksiyonlu Pişirme Yüzeyi aldım ancak düzgün çalışmıyor. İade etmek istiyorum.",0,customer_service,cs_02011,tr
789012.,0,customer_service,cs_02011,tr
"Pişirme yüzeyi düzgün ısınmıyor. Denediğim her şey sonuçsuz kaldı, berbat bir ürün.",0,customer_service,cs_02011,tr
"Peki, bu süreç için benden neden ekstra ücret alınıyor? Bu adil değil.",0,customer_service,cs_02011,tr
"Islak Öğütücü satın aldım, web sitesi ve garanti kartı arasında garanti süresi farkı var.",0,customer_service,cs_00976,tr
"Sipariş numaram BB987654321, garanti kartında bir yıl, web sitesinde iki yıl garanti süresi belirtilmiş.",0,customer_service,cs_00976,tr
Teşekkürler. Garanti kartımı kaybettiğim gibi görünüyor. Yenisini alabilir miyim?,0,customer_service,cs_00976,tr
"Selamlar, Samsung Galaxy Buds Pro kulaklığım bağlanma sorunları yaşıyor. Hem ses kalitesinde hem de bağlantıda düşmeler yaşıyorum. Mümkünse bu ürünü iade etmek ya da değiştirmek istiyorum. Yardımcı olabilir misiniz? TEŞEKKÜRLER.",0,customer_service,cs_02275,tr
"Sayın Müşteri Destek Ekibi, Jira Software 8.20 projemde sorun durumunu değiştiremiyorum. Yönetimsel görünüm yapılandırmalarında bir hata olduğunu fark ettim. Sorununuzu çözmek için verdiğiniz öneriler çok yardımcı oldu ve şimdi cihazım mükemmel çalışıyor!",0,customer_service,cs_01228,tr
"Harika bir destek ekibiniz var, teşekkür ederim. Bu deneyimden çok memnunum. Jira ile projelerimiz şimdi çok daha iyi ilerliyor!",0,customer_service,cs_01228,tr
"Promosyon kodum çalışmıyor, kullanmaya çalıştığımda hata alıyorum.",0,customer_service,cs_00367,tr
Kod şu: PROMO2024.,0,customer_service,cs_00367,tr
Yeni kodu denedim ve çalıştı. Çok teşekkürler!,0,customer_service,cs_00367,tr
"Hayır, teşekkürler, bu kadar yeterli.",0,customer_service,cs_00367,tr
Aldığım televizyonun ekranında renk bozulmaları oldu. Bu kadar para verip bu şekilde bir ürün almak beni gerçekten üzüyor.,0,customer_service,cs_01703,tr
Gerçekten bu kadar pahalı bir ürünün böyle olmasını beklemezdim.,0,customer_service,cs_01703,tr
"Bilmiyorum, sadece bu durumu geçirebilmek istiyorum. Umarım bir daha böyle bir şey yaşamam.",0,customer_service,cs_01703,tr
"Hesap bilgilerimi güncellemek istiyorum, özellikle e-posta adresimi ve iletişim numaramı değiştirmek istiyorum. Bu değişiklikleri nasıl yapabilirim?",0,customer_service,cs_00873,tr
"Selamlar, geçen hafta size ait bir web sitesinden Kablosuz Bluetooth Özçekim Çubuğu satın almıştım. Ancak ürün herhangi bir telefona bağlanmıyor. Yardımcı olabilir misiniz? Sipariş numaram<BH231K>. Teşekkürler, <Betül Hanım>, <0712213123>.",0,customer_service,cs_02240,tr
"Merhaba Teknik Çevrimiçi Mağaza Destek Ekibi, Microsoft Surface Pro 7 cihazımda Windows 10 güncellemelerini yüklerken her seferinde başarısız oluyor. Denediğim tüm yöntemlere rağmen bir çözüm bulamadım. Lütfen hızlıca yardımcı olabilir misiniz? Bu sorun işlerimi ciddi şekilde aksatıyor.",0,customer_service,cs_01245,tr
"Evet, yeni aldığım televizyonun kurulum hizmeti var mı öğrenmek istiyorum.",0,customer_service,cs_01557,tr
Samsung QLED 55 inç.,0,customer_service,cs_01557,tr
Randevuyu ben mi talep edeceğim?,0,customer_service,cs_01557,tr
Çok iyi olur. İletişim bilgilerim sistemde mevcut.,0,customer_service,cs_01557,tr
"Hayır, her şey için teşekkürler.",0,customer_service,cs_01557,tr
"Selam, sizden Samsung Galaxy S21 Ultra cep telefonu aldım ancak cihazın ekranında bir problem olduğunu fark ettim. Ürünü iade etmek veya değiştirmek istiyorum. Sipariş numaram 9124116871. Yardımınız için teşekkürler, İbrahim, +90 594 3152769.",0,customer_service,cs_02350,tr
Ürün gerçekten çok kötü çıktı. Beklediğimden çok daha kötüydü.,0,customer_service,cs_01872,tr
"Evet, kalite gerçekten çok kötüydü. Gerçekten hayal kırıklığına uğradım.",0,customer_service,cs_01872,tr
Bir daha kesinlikle alışveriş yapmayacağım.,0,customer_service,cs_01872,tr
"Merhaba, BrownBox'tan kulaklık aldım ama garanti kartımı kaybettim. Kulaklığım için garanti talebinde bulunmam gerekiyor. Yardımcı olabilir misiniz?",0,customer_service,cs_00980,tr
"Sipariş numaram BB1234, kulaklık modeli XYZ.",0,customer_service,cs_00980,tr
1 Ocak 2021'de satın aldım ve kredi kartımla ödeme yaptım.,0,customer_service,cs_00980,tr
"Merhaba, aldığım kot pantolonun bedeni büyük geldi ve rengi beklentilerime uygun değil. Değişim yapmak istiyorum. Süreç nasıl işleyecek? Sipariş numaram <ord_num>, Teşekkürler, Melike.",0,customer_service,cs_02120,tr
"Merhaba, DSLR Kamera siparişimi takip etmekte sorun yaşıyorum. Doğrulama kodu hatalı diyor.",0,customer_service,cs_00469,tr
"E-posta adresim abc@gmail.com, sipariş numaram #123456789.",0,customer_service,cs_00469,tr
"Evet, kodu aldım ama hala hata alıyorum.",0,customer_service,cs_00469,tr
Numaram 9876543210.,0,customer_service,cs_00469,tr
"Merhaba Teknik Destek Ekibi, geçen hafta satın aldığım Logitech G502 faresi tuşlarıyla ilgili bazı sorunlar yaşıyorum. Birkaç tuş sık sık çalışmıyor ve tıklama hissiyatı tutarsız. Bu ürünü değiştirmek istiyorum. Yardımcı olabilir misiniz? Teşekkürler, Alp.",0,customer_service,cs_02650,tr
"Merhaba, faturamda ekstra bir ücret görünüyor. Bu ücretin nedenini hemen öğrenmek istiyorum.",0,customer_service,cs_00198,tr
"Evet, lütfen iptal edin. Bu hizmeti istemiyorum ve ücretin iade edilmesini bekliyorum.",0,customer_service,cs_00198,tr
"Selam, sizden iPhone 12 Pro Max satın aldım ancak kamerada bir sorun olduğunu fark ettim. İade işlemi nasıl gerçekleştirilir? Sipariş numaram: 8215148208. Yardımlarınız için teşekkürler, Kübra, +90 532 6711635.",0,customer_service,cs_02395,tr
"Ürünüm birçok lekeyle geldi, değişim yapmak istiyorum.",0,customer_service,cs_02603,tr
"Merhaba, Faturalama ve ödeme konusunda bir sorun yaşıyorum. Faturamda yanlış bir ücretlendirme olduğunu fark ettim ve bu durum beni oldukça rahatsız etti. Bu konuda destek alabilir miyim? Umarım bu sorunu hızlıca çözebiliriz.",0,customer_service,cs_00140,tr
"Tabii ki, fatura numaram 8833 ve hesap numaram da 1246. Yardımınız için şimdiden teşekkür ederim.",0,customer_service,cs_00140,tr
"Merhaba Tech Digital Mağaza ekibi, bozuk bir ekran özelliği nedeniyle LG UltraFine 4K Monitör'ümü değiştirme talebinde bulunuyorum. Sorun değişim süresi içinde belirlendi. Lütfen bu değişiklik talebim üzerinde nasıl ilerleyeceğim hakkında bana bilgi verin. Şimdiden teşekkürler, Eren, 7733885045, +90 510 6730231",0,customer_service,cs_02357,tr
"Merhaba, bugün aldığım siyah botların numarasını yanlış seçmişim. 43 yerine 42 numara istiyorum. Değişim süreci hakkında bilgi alabilir miyim?",0,customer_service,cs_02072,tr
Ürün sipariş ettim ama ambalajı çok kötüydü. Bu kadar kötü paketleme nasıl yapılır?,0,customer_service,cs_01833,tr
Ambalajın sağlam olması gerekmez mi? Bu kadar kötü paketlenmiş bir ürün almamalıydım.,0,customer_service,cs_01833,tr
"Bir dahaki sefere, daha sağlam paketleme yapmalısınız!",0,customer_service,cs_01833,tr
BrownBox'tan aldığım bir İnverter'in eksik faturası hakkında bilgi almak istiyorum. Sipariş numarası BB987654321 ve ürün 2000W İnverter.,0,customer_service,cs_00024,tr
"Evet, kontrol ettim ama bulamadım.",0,customer_service,cs_00024,tr
E-posta adresim Candoe@email.com.,0,customer_service,cs_00024,tr
"Teşekkür ederim, kontrol edeceğim.",0,customer_service,cs_00024,tr
"Hayır, teşekkürler. Yardımınız için minnettarım",0,customer_service,cs_00024,tr
"İki hesabımı birleştirmek istiyorum, mümkün mü?",0,customer_service,cs_00582,tr
"İlk hesap numaram 123456789, ikinci hesap numaram 987654321. Her ikisi için doğum tarihim 02.02.1990.",0,customer_service,cs_00582,tr
"Harika haber, çok teşekkür ederim!",0,customer_service,cs_00582,tr
"Merhaba, web sitenizden aldığım bir USB belleğin doğrulama kodunu alamıyorum.",0,customer_service,cs_00455,tr
"Tabii ki, sipariş numaram BB123456.",0,customer_service,cs_00455,tr
Cep telefonu numaram 555-987-6543 ve e-posta adresim janesmith@email.com.,0,customer_service,cs_00455,tr
Kodu hala alamadım. Bu tam anlamıyla berbat bir durum! İşlemlerim gecikiyor ve bu beni gerçekten hayal kırıklığına uğratıyor.,0,customer_service,cs_00455,tr
"Merhaba, ödeme işlemi çok hızlı ve güvenliydi. Ayrıca faturamda herhangi bir hata olmadığını görmek beni çok rahatlattı. Teşekkür ederim!",0,customer_service,cs_00192,tr
"Hayır, şu an her şey harika. Gerçekten çok memnun kaldım!",0,customer_service,cs_00192,tr
"Merhaba, Samsung Galaxy S10 telefonumda beklenmedik bir şekilde pil topluca tükeniyor. Bu telefonun iadesini veya değişimini istiyorum. Konuyla ilgili yardımcı olmanızı rica ederim. Teşekkürler.",0,customer_service,cs_02624,tr
"Merhaba, faturamda bir 'yıllık üyelik' ücreti bulunuyor. Ancak ben böyle bir üyelik almadım. Lütfen bu durumu acilen çözün.",0,customer_service,cs_00205,tr
Hesap numaram 9876543210. Bu ücretin neden alındığını gerçekten öğrenmek istiyorum.,0,customer_service,cs_00205,tr
"Çok teşekkür ederim, bu durumu hızlıca çözdüğünüz için rahatladım. Ancak sistemin bu tür hatalar yapmaması için ne gibi önlemler alıyorsunuz?",0,customer_service,cs_00205,tr
"Merhaba, BrownBox'tan bir invertör satın aldım ve siparişi iptal etmek istiyorum ancak 'İptal' düğmesine tıklayamıyorum.",0,customer_service,cs_01957,tr
Farklı bir web sitesinde daha iyi bir fırsat buldum. Bu yüzden siparişimi iptal etmek istiyorum.,0,customer_service,cs_01957,tr
Sipariş numarası #BB123456 ve e-posta adresim john.doe@email.com.,0,customer_service,cs_01957,tr
Elektrikli su ısıtıcısı siparişim hakkında bilgi almak istiyorum. Henüz teslim edilmedi.,0,customer_service,cs_01379,tr
"Tabii, 9876543.",0,customer_service,cs_01379,tr
Bugün sabah teslim edilmesini bekliyordum.,0,customer_service,cs_01379,tr
Neden gecikme oldu?,0,customer_service,cs_01379,tr
Hesabıma giriş yapmaya çalışıyorum ancak benden telefon numaramı veya e-posta adresimi doğrulamamı istiyor.,0,customer_service,cs_00498,tr
Adım Tom. E-posta adresim ve cep telefonu numaram işte burada.,0,customer_service,cs_00498,tr
Ancak daha önce doğrulama yapmadan hesabıma giriş yapmıştım.,0,customer_service,cs_00498,tr
Anladım. Doğrulama sürecinde bana yardımcı olabilir misiniz?,0,customer_service,cs_00498,tr
"Merhaba, son aldığım Adidas koşu ayakkabılarımın numarası biraz büyük geldiği için değişim yapmak istiyorum. Ayakkabılarımı nasıl iade edebilirim ve değişim süreci nasıl işliyor? Yardımcı olabilir misiniz? Şimdiden teşekkürler.",0,customer_service,cs_02218,tr
Oturum açmaya çalıştığımda 'Hesabınız askıya alınmıştır' uyarısı alıyorum. Bunun nedeni ne olabilir ve nasıl düzeltebilirim?,0,customer_service,cs_00831,tr
"Merhaba, geçen hafta aldığım spor ayakkabılarımın numarası büyük geldi ve değiştirmek istiyorum. İade süreci hakkında bilgi alabilir miyim?",0,customer_service,cs_02089,tr
"Merhabalar Trendy E-ticaret Destek Ekibi, Lenovo IdeaPad D330 dizüstü bilgisayarım hataya veriyor ve performansı çok düşük. Bir değişim ihtiyacım var bu cihaza dair. Bana bu konuda nasıl yardımcı olabilirsiniz? Çok teşekkürler, Kemal.",0,customer_service,cs_02249,tr
"Merhaba, online mağazanızdan aldığım ayakkabılar biraz büyük geldi ve değişim yapmak istiyorum. Yeni bir bedene değiştirmek mümkün mü acaba? Sipariş numaramı paylaşayım: 4902939665. Teşekkür ederim, Sezgin, +90 523 8727238.",0,customer_service,cs_02227,tr
"Merhaba, bilgisayarımda yedekleme yapmaya çalışıyorum ama disk dolu hatası alıyorum.",0,customer_service,cs_01008,tr
Yaklaşık 10 GB ama yedeklemem daha büyük bir alan istiyor gibi görünüyor.,0,customer_service,cs_01008,tr
Sıkıştırma seçeneği nasıl yapılır?,0,customer_service,cs_01008,tr
"Evet, çok teşekkür ederim. Hemen deneyeceğim.",0,customer_service,cs_01008,tr
Yine faturalandırıldım ama hizmeti almadım. Bu hatayı sürekli yapıyorsunuz. Ne zaman düzeltilecek?,0,customer_service,cs_00218,tr
Hesap numaram 123456789. Bu hataların artık bir son bulmasını istiyorum.,0,customer_service,cs_00218,tr
Her seferinde aynı sorunla karşılaşıyorum. Bunu nasıl sürekli yapabiliyorsunuz? Gerçekten bıktım.,0,customer_service,cs_00218,tr
"Merhaba, bugün mağazanızdan aldığım siyah deri cekette bir dikiş hatası fark ettim. Ürünü iade edip değişim yapabilir miyim, lütfen? Sipariş numaram 7823486642. Teşekkür ederim, Zeynep, +90 528 6000237.",0,customer_service,cs_02622,tr
Adobe Photoshop 2024 için ödeme yaptım ancak işlem hatası alıyorum. Bu gerçekten çok üzücü ve berbat. Sorunun bir an önce çözülmesini istiyorum.,0,customer_service,cs_00037,tr
Hesap ayarlarına ulaşamıyorum. Sürekli 'Yetkisiz erişim' hatası alıyorum. Bu sorunu nasıl çözebilirim?,0,customer_service,cs_00830,tr
Hesabımdaki şüpheli oturum açma denemeleri hakkında bir uyarı aldım. Bu oturum açma girişlerinin kaynağını nasıl kontrol edebilirim?,0,customer_service,cs_00874,tr
"Merhaba, ödeme sırasında faturamda bir hata olduğunu fark ettim. Bu durumu düzeltmek için yardımınıza ihtiyacım var. Hesap numaram 9876778. Bu sorun beni biraz endişelendirdi, çünkü faturalarımı her zaman düzenli olarak ödüyorum. Yardımcı olacağınızı umuyorum. İyi çalışmalar.",0,customer_service,cs_00139,tr
"Merhaba, Aldığım Acer laptopun şarj süresi beklediğimden çok kısa çıkıyor. Bu konuda iade veya değişim yapmak istiyorum. Yardımcı olur musunuz? TEŞEKKÜRLER.",0,customer_service,cs_02474,tr
"Merhaba, aldığım ayakkabılar biraz büyük geldi ve farklı bir bedenle değiştirmek istiyorum. Değişim süreci hakkında bilgi alabilir miyim? Teşekkürler.",0,customer_service,cs_02103,tr
"Merhaba, sunucuya bağlanmaya çalışıyorum ama sürekli hata alıyorum.",0,customer_service,cs_01017,tr
'Bağlantı zaman aşımına uğradı' diyor.,0,customer_service,cs_01017,tr
"Evet, bağlantım sağlam görünüyor. Başka bir şey olabilir mi?",0,customer_service,cs_01017,tr
"Tamam, bunları kontrol edeceğim. Teşekkürler.",0,customer_service,cs_01017,tr
"Merhaba sevgili Yardım Ekibi, geçen hafta satın almış olduğum Tangled marka wireless kulaklığımın bir yanında çalışmama sorunu yaşanmaktayım. Lütfen iade ve değişim işlemleri için yardımcı olabilir misiniz? Sipariş numaram <order_num>. Eğer ek detaylara ihtiyacınız olursa bana <email> adresim veya +90 516 6261110 numaram üzerinden ulaşabilirsiniz. Teşekkürler, Emre.",0,customer_service,cs_02588,tr
"Merhaba, bilgisayarımda video oynatırken ses bozuluyor ve sesle video arasında senkronizasyon problemi yaşıyorum. Ne yapmalıyım?",0,customer_service,cs_01314,tr
"Ses sürücüsünü güncelledim, ancak sorun devam ediyor. Ne yapabilirim?",0,customer_service,cs_01314,tr
"Merhaba, Acme Online Mağaza, geçen hafta satın aldığım Lacoste spor ayakkabılarını giydiğimde rahatsızlık hissediyorum. Numune talep etmek veya değişim yapmak istiyorum. Sipariş numaram <order_num>. Teşekkürler.",0,customer_service,cs_02497,tr
AWS aboneliğim için ödeme sistemi hatası nedeniyle kredi kartı bilgilerimi güncelleyemiyorum. Bu sorun gerçekten çok can sıkıcı! Lütfen yardımcı olun. Hesap numaram 76545.,0,customer_service,cs_00046,tr
"Merhaba, Turkcell Faturalama ve Ödeme ekibi. Faturamda beklenmedik bir ücretlendirme gördüm ve bu durum beni oldukça şaşırttı. Bu yanlışlığın düzeltilmesi konusunda bana yardımcı olabilir misiniz? Umarım bu durum hızlıca çözüme kavuşur.",0,customer_service,cs_00137,tr
"Merhaba, e-Kitap Evi. Aldığım Kindle Paperwhite'ın ekranı donuyor ve sıfırlama yöntemleri işe yaramıyor. Değişim talebinde bulunmak istiyorum. Sipariş numaram <order_num>. Teşekkürler.",0,customer_service,cs_02236,tr
"Merhaba, geçen hafta mağazanızdan bir tane 55 inçlik OLED TV satın aldım ve maalesef ekranında birkaç pikselde sorun olduğunu fark ettim. İade veya değişim süreci hakkında yardımcı olabilir misiniz? Sipariş numaram 4146064198 . Teşekkür ederim, Süleyman, +90 593 7373929 .",0,customer_service,cs_02460,tr
"Tabii, çevre dostu ürünlerinizle ilgileniyorum. Özellikle tekstil ürünleri var mı?",0,customer_service,cs_01595,tr
"Harika, bunları nereden inceleyebilirim?",0,customer_service,cs_01595,tr
"Çok iyi olur, teşekkürler.",0,customer_service,cs_01595,tr
"Merhaba, yeni aldığım Bluetooth kulaklıklarımda bağlantı sorunları yaşıyorum. Telefonumla eşleşiyor gibi görünüyor, ancak ses ya hiç gelmiyor ya da çok kesiliyor. Bunun nedeni ne olabilir?",0,customer_service,cs_01272,tr
"Kulaklığım JBL Tune 125TWS, telefonum ise Android 13 işletim sistemine sahip bir Samsung Galaxy S22.",0,customer_service,cs_01272,tr
"Evet, kulaklıklar tamamen şarjlı ve farklı bir cihazda denediğimde sorun yaşamadım. Sorun yalnızca telefonumla eşleştiğinde ortaya çıkıyor.",0,customer_service,cs_01272,tr
"Gelişmiş ayarları kontrol ettim, Çift Ses açık görünüyordu. Şimdi kapattım. Ancak hala bağlantı kesilmeleri oluyor.",0,customer_service,cs_01272,tr
"Önbelleği temizledim ve telefonumu Güvenli Mod'da başlattım. Şimdi deniyorum... Evet, bu sefer bağlantı oldukça stabil görünüyor! Sanırım sorun çözüldü.",0,customer_service,cs_01272,tr
"Şimdilik başka bir sorun yok, çok teşekkür ederim. Sorunun çözülmesi beni çok rahatlattı!",0,customer_service,cs_01272,tr
"Merhaba Müşteri Destek Ekibi, Dell Inspiron 15 3000 dizüstü bilgisayarımın bataryası hızla bitiyor ve genellikle ısınma sorunu yaşıyorum. Ürün iadesi veya değişimi yapmak istiyorum. Lütfen bu konuda iletişime geçelim +90 542 3758073. Teşekkürler, Ferhat",0,customer_service,cs_02265,tr
"Ödeme güvenliği konusunda endişelerim var, SSL sertifikası hakkında daha fazla bilgi alabilir miyim?",0,customer_service,cs_00378,tr
"Peki, bu sertifika güncel mi?",0,customer_service,cs_00378,tr
"Teşekkür ederim, bilgilendirme için.",0,customer_service,cs_00378,tr
Ürün siparişi verdim ama teslimat adresi yanlış yazılmış. Bu kadar basit bir hata nasıl yapılır?,0,customer_service,cs_01881,tr
Bu kadar basit bir hatayı nasıl yaparsınız? Gerçekten çok sinirliyim.,0,customer_service,cs_01881,tr
"Merhaba, satın aldığım mikrodalga fırının stok durumu hakkında bir bilgi alabilir miyim?",0,customer_service,cs_01369,tr
Adım Ahmet ve sipariş numaram BB123456789.,0,customer_service,cs_01369,tr
Stok durumunda değişiklik olup olmadığını öğrenmek istiyorum.,0,customer_service,cs_01369,tr
"Çok kötü! Hayal kırıklığı. Başka bir arkadaşımda alacaktı, yine stok içine girer mi?",0,customer_service,cs_01369,tr
"Merhaba, aldığım beyaz spor ayakkabıların bedeni büyük çıktı ve değiştirmek istiyorum. İade ve değişim süreci hakkında bilgi verebilir misiniz?",0,customer_service,cs_02107,tr
"Selamlar, Tech Online Mağazasından bir Samsung Galaxy Tab A7 satın aldım ama ekranı sürekli donuyor ve reaksiyon vermiyor. Bu problemin çözümünü bulamadığım için ürünü iade etmek istiyorum. Sipariş numaram <order_num>. Yardımınız için teşekkürler.",0,customer_service,cs_02259,tr
"Merhaba, yazıcım belge yazdırmaya çalışırken sürekli 'kağıt sıkıştı' hatası veriyor. Ancak yazıcıda sıkışmış bir kağıt göremiyorum.",0,customer_service,cs_01280,tr
Kontrol ettim ama bir şey göremedim. Hala aynı hatayı veriyor.,0,customer_service,cs_01280,tr
"Merhaba, İade ve değişim süreci hakkında bilgi almak istiyorum. Satın aldığım ürünü beğenmedim ve iade etmek istiyorum. Nasıl bir yol izlemeliyim, yardımcı olabilir misiniz?",0,customer_service,cs_02229,tr
İki kere ödeme çekilmiş. Yardımcı olabilir misiniz?,0,customer_service,cs_00412,tr
27 Kasım’da 300 TL.,0,customer_service,cs_00412,tr
Çok teşekkürler. Bu bir daha olur mu?,0,customer_service,cs_00412,tr
"Harika, teşekkürler.",0,customer_service,cs_00412,tr
"Ürünü sipariş ettim ama gelen ürün, siparişimle hiçbir şekilde örtüşmüyor. Fotoğrafla arasında dağlar var!",0,customer_service,cs_01888,tr
Bu kadar büyük bir fark nasıl olabilir? Fotoğrafları kontrol etmiyor musunuz?,0,customer_service,cs_01888,tr
Gerçekten hayal kırıklığına uğradım. Bir daha alışveriş yapmam.,0,customer_service,cs_01888,tr
"Merhaba, Sony WH-1000XM4 kulaklığımın aktif gürültü engelleme özelliği çalışmıyor. Bu durumun düzeltilmemesi halinde iade veya değişim talep etmek istiyorum. Yardımlarınızı rica ederim. TEŞEKKÜRLER.",0,customer_service,cs_02655,tr
"Merhaba, YemekSepeti'nden verdiğim pizza soğuk ve lezzetsiz geldi. İade veya değişim talep ediyorum. Sipariş numaram <order_num>. Teşekkür ederim.",0,customer_service,cs_02446,tr
"Hesabımda bir sorun var, giriş yapamıyorum ve şifre sıfırlama işlemi işe yaramıyor.",0,customer_service,cs_00552,tr
"Doğum tarihim 05.05.1985, e-posta adresim ise kamil.sen@example.com.",0,customer_service,cs_00552,tr
"Tamam, şimdi denedim ve başarılı oldu. Çok teşekkür ederim.",0,customer_service,cs_00552,tr
React uygulamam açılmıyor ve boş bir sayfa gösteriyor. Bu sorunla ilgili acil yardım istiyorum.,0,customer_service,cs_01162,tr
Hata mesajlarını kontrol ettim ama hiçbir çözüm bulamadım. 'Zor zamanda dost belli olur.' Daha etkili bir destek bekliyorum.,0,customer_service,cs_01162,tr
Geç ödeme yaptım ve hesabıma faiz yansıtılmış. Bu durumu düzeltebilir misiniz?,0,customer_service,cs_00382,tr
Kredi kartım için. 5 gün geciktirdim.,0,customer_service,cs_00382,tr
"Lütfen yapın, bu benim ilk gecikmemdi.",0,customer_service,cs_00382,tr
"Çok teşekkür ederim, gerçekten rahatladım.",0,customer_service,cs_00382,tr
"Merhaba, Yardımcı Destek Ekibi Veganic'ten Müşteri Bakımı. Açıklamanızdan bir hafta önce aldığım Vega Blender CT63 ürününün ısısında bir artış hissettiğimi bitiyorum. Ürünü kurallara uygun olarak kullanıyorum ama hariç başka yerde karşılaşmadığım bu sorunu yaşıyorum. Bu duruma uygun işlemleri başlatmak adına sizden iadesini gerçekleştirmeyi talep etmekteyim. Rahatsız ederek özür dilerim.",0,customer_service,cs_02303,tr
"Merhaba, ben geçen hafta elektrik faturamı ödeme yapmışım ama sistemde hala ödenmemiş olarak görünüyor. Konu hakkında yardımcı olabilir misiniz? Bu nasıl hata çok sinirlendim.Teşekkürler şimdiden.",0,customer_service,cs_00088,tr
"Merhaba Tech Online Store Desteği, HDR özelliğinde bir hata sebebiyle Samsung QLED QN90A ürünümü geri göndermek istiyorum. Bu problem iade süresi dahilinde fark edildi. İade sürecinde ne yapmam gerektiği konusunda bana yardımcı olabilir misiniz? Teşekkürler, Ahmet2696685177+90 510 9303394",0,customer_service,cs_02233,tr
"Merhaba Alex, su arıtıcısı için kayıt olmaya çalışıyorum ancak oturum açma işleminde sorun yaşıyorum. Ben uluslararası bir müşteriyim ve bir Türkiye telefon numaram yok.",0,customer_service,cs_00439,tr
"Elbette, johndoe@email.com.",0,customer_service,cs_00439,tr
"Bu ne ya? Hesap ödememi yapıyorum, ama her ay aynı sorunla karşılaşıyorum! Ne kadar kötü bir hizmet veriyorsunuz! Hemen açıklama yapın!",0,customer_service,cs_00258,tr
"Hesap numaram 987654321! Hadi bakalım, bu sefer gerçekten çözün!",0,customer_service,cs_00258,tr
Ben böyle bir şey istemedim! Hemen iptal edin ve paramı geri verin! Bu kadar basit!,0,customer_service,cs_00258,tr
Bundan sonra sizinle çalışmayacağım! Her ay aynı sorunla karşılaşıyorum!,0,customer_service,cs_00258,tr
"Hatalı ödeme yaptım, fazladan para gönderdim. İadesini nasıl alabilirim?",0,customer_service,cs_00374,tr
200 TL fazla gönderdim.,0,customer_service,cs_00374,tr
İade yapıldı mı?,0,customer_service,cs_00374,tr
"Kontrol ettim, iade edilmiş. Çok teşekkür ederim.",0,customer_service,cs_00374,tr
"Selam, Xiaomi Mi 11 telefonumla ilgili sorunlar yaşıyorum. WiFi bağlantısı sürekli düşüyor ve bu durum beni çok rahatsız ediyor. Bu ürünün iadesini veya değişimini yapabilir miyim lütfen? Yardımcı olursanız sevinirim.",0,customer_service,cs_02260,tr
"Merhaba, geçen hafta online olarak aldığım elbiseyi bugün teslim aldım ancak rengi beğenmedim ve üst kısmı biraz dar geldi. Değişim veya iade süreci için ne yapmam gerekiyor acaba? Hesap numaram 5415126883 . Teşekkürler, Deniz",0,customer_service,cs_02449,tr
"Merhaba, Mavi renkli kadın kabanını birkaç gün önce satın aldım ancak boyutu bana uygun değil. Bu nedenle iade veya değişim yapmak istiyorum. Yardımcı olabilir misiniz? Teşekkür ederim. <Müşteri>",0,customer_service,cs_02569,tr
"Merhaba Müşteri Hizmetleri, umarım bu mesajı iyi bir zamanda alıyorsunuzdur. Yaklaşık üç hafta önce satın aldığım ve şimdi kullanılamaz hale gelen bir Samsung Galaxy S21 Ultra telefonum var ve bu durum beni oldukça rahatsız ediyor. Bu konuda hızlı ve etkili bir çözüm bekliyorum. İyi çalışmalar,Mert",0,customer_service,cs_02347,tr
"Merhaba, Satış Sonrası Teknoloji Destek Ekibi, Lenovo IdeaPad 330 laptopumun değiştirilmesini talep ediyorum. Sık sık donuyor ve performansı düşük. Lütfen bu ürünü değiştirmek adına atacağım sonraki adımlar konusunda bana yardımcı olun. Saygılarımla, Melike.",0,customer_service,cs_02300,tr
"Merhaba Ali Bey, hesabıma giriş yaparken sürekli doğrulama kodu isteniyor. Bunu nasıl devre dışı bırakabilirim?",0,customer_service,cs_00541,tr
"Evet, gerek kalmadı sanırım.",0,customer_service,cs_00541,tr
"Merhaba, bir çamaşır makinesi satın almak istiyorum. Sipariş verme sürecinde bana yardımcı olabilir misiniz?",0,customer_service,cs_01444,tr
"Evet, XYZ modeli, SKU numarası 123456.",0,customer_service,cs_01444,tr
"Sepetime ekledim, sonraki adım ne?",0,customer_service,cs_01444,tr
"Tamam, siparişi onaylıyorum. Teşekkür ederim.",0,customer_service,cs_01444,tr
"Evet, hesabıma yapılan son işlemi tanımıyorum ve iptal etmek istiyorum.",0,customer_service,cs_00562,tr
"Tamam, ne yapmam gerekiyor?",0,customer_service,cs_00562,tr
"Cihaz iPhone 11, tarih ise dün.",0,customer_service,cs_00562,tr
"Teşekkür ederim, başka bir şey yapmam gerekiyor mu?",0,customer_service,cs_00562,tr
"Merhaba, Acme Kıyafet Mağazası, geçen hafta aldığım kot pantolonun bedeni biraz büyük geldi. Değişim yapabilir miyim? Sipariş numaram <order_num>. Teşekkürler.",0,customer_service,cs_02648,tr
"Kullanıcı adımı değiştirmek istiyorum, ancak sistem bana hata veriyor.",0,customer_service,cs_00594,tr
Hesap numaram 654987321 ve doğum tarihim 22.12.1992.,0,customer_service,cs_00594,tr
Yeni kullanıcı adım 'yelkovan'.,0,customer_service,cs_00594,tr
"Teşekkür ederim, çabuk çözüm için minnettarım.",0,customer_service,cs_00594,tr
"Değerli BT Hizmetleri Destek Ekibi, Sunucu yönetimi içindeki faturalama entegrasyonunu güncelleme ve BT çözümlerimizin iş akışını optimize etme konusundaki son talebimle ilgili olarak size ulaşıyorum. Gerçekten mükemmel bir iş yapıyorsunuz ve bu süreçte sizinle çalışmak büyük bir zevk! Şu anda BT Danışmanlık Hizmetinizi kullanıyoruz. Teşekkür ederiz. Saygılarımla.",0,customer_service,cs_00065,tr
Gönderdiğiniz blender kutusundan eksik parçalar çıktı. Kontrol etmiyor musunuz?,0,customer_service,cs_01683,tr
Bu kadar sorumsuz bir hizmet beklemiyordum. Umarım telafi edersiniz.,0,customer_service,cs_01683,tr
Bir daha böyle bir sorun yaşanırsa başka bir markaya geçeceğim.,0,customer_service,cs_01683,tr
Gönderdiğiniz kulaklık bozuk! Ses hiç gelmiyor.,0,customer_service,cs_01673,tr
Ben yeni ürün istiyorum. Ama bu kadar kalitesiz bir ürünü nasıl gönderirsiniz?,0,customer_service,cs_01673,tr
Bu son şansınız. Bir daha sorun yaşarsam başka yerden alışveriş yapacağım.,0,customer_service,cs_01673,tr
"Merhaba, geçen hafta aldığım beyaz spor ayakkabılarımın numarası biraz küçük geldi. İade veya değişim yaparak farklı bir numara ile değiştirmek istiyorum. Yardımcı olabilir misiniz? Teşekkürler.",0,customer_service,cs_02169,tr
"Merhaba Müşteri Desteği, BT danışmanlık hizmeti faturalarımda ciddi faturalama hataları fark ettim. Bu durumu hemen düzeltmenizi bekliyorum, çünkü bu tür hatalar işimi zorlaştırıyor. Ücretlerin doğruluğunu kontrol edip, yanlış olanları düzeltebilir misiniz? Hesap numaram 280599. Yardımınızı bekliyorum.",0,customer_service,cs_00049,tr
"Merhaba, video düzenlerken bilgisayarım donuyor ve yanıt vermiyor. Bilgisayarım yeterince güçlü ama sorun nedir anlayamıyorum.",0,customer_service,cs_01289,tr
"Evet, RAM kullanımı çok yüksek görünüyor.",0,customer_service,cs_01289,tr
"Merhaba Müşteri Hizmetleri, umarım gününüz iyi geçmektedir. Apple iPhone 12 Pro Max cep telefonumda son zamanlarda karşılaştığım birkaç sorunla ilgili olarak sizden yardım talep etmek üzere bu mesajı gönderiyorum. Cihazım garanti kapsamında olmasına rağmen, aniden performans düşüklükleri ve aşırı ısınma gibi sorunlarla karşılaşıyorum. Bu cihazın iade veya değişimini talep ediyorum. İyi çalışmalar.",0,customer_service,cs_02316,tr
"Hesap bilgilerimi sildim, ancak bazı bilgileri geri yüklemek istiyorum. Bu mümkün mü?",0,customer_service,cs_00760,tr
"Merhaba, geçen hafta online mağazanızdan bir kablosuz kulaklık siparişi verdim fakat ürünü kullanmaya başladığımda ses kalitesinden memnun kalmadım. İade ve değişim süreci hakkında yardım alabilir miyim? Sipariş numaram 3709164313. Teşekkürler, Şeyma, +90 567 2716764.",0,customer_service,cs_02567,tr
Elektrikli süpürgem zemindeki ince tozları bile çekmiyor. Performans çok düşük.,0,customer_service,cs_01133,tr
Filtreyi temizledim ama hala bir değişiklik yok. 'Taş yerinde ağırdır.' Daha fazla yardım bekliyorum.,0,customer_service,cs_01133,tr
Bu cihazın bu kadar düşük performans göstermesi çok sinir bozucu. Sorunumun hemen çözülmesini bekliyorum.,0,customer_service,cs_01133,tr
"Merhaba Can, bir ürünün fiyatlandırması hakkında sorum var.",0,customer_service,cs_01518,tr
Web sitenizde 'Bose SoundLink Micro Bluetooth Speaker' adlı bir hoparlör var.,0,customer_service,cs_01518,tr
"Aynı ürün için iki farklı fiyat görüyorum, 99,99 dolar ve 129,99 dolar.",0,customer_service,cs_01518,tr
SKU numarası BB123456.,0,customer_service,cs_01518,tr
"Merhaba, aldığım kahve makinesi düzgün çalışmıyor. İade etmek ve para iadesi almak istiyorum.",0,customer_service,cs_01981,tr
Kahve makinesi kahveyi düzgün demlemiyor ve kahvenin tadı berbat. Sorunu çözmeye çalıştım ama olmadı.,0,customer_service,cs_01981,tr
Bu saçmalık! Ürün arızalı ve ben iade etmek istiyorum!,0,customer_service,cs_01981,tr
"Ürün geldi ama o kadar ince ki, sanki bir kağıt parçası aldım. Gerçekten bu kadar mı ince?",0,customer_service,cs_01812,tr
Bunu almak yerine kağıt bile alabilirdim! Bu kadar ince olmalı mıydı?,0,customer_service,cs_01812,tr
"Bir dahaki sefere, daha sağlam bir şey göndermenizi bekliyorum!",0,customer_service,cs_01812,tr
"Merhaba, acil! Bugün aldığım siyah elbiseyi yanlışlıkla bedeni büyük olduğu için mağazaya iade etmek istiyorum. Nasıl bir yol izlemeliyim? Yardımlarınızı bekliyorum.",0,customer_service,cs_02212,tr
"Merhaba, Acme marka laptopumun pil ömrü oldukça kısa ve şarj soketi sürekli sorun çıkarıyor. İade edip farklı bir modelle değişim yapmak istiyorum. Yardımcı olabilir misiniz? Şimdiden teşekkürler, Kübra",0,customer_service,cs_02638,tr
"Merhaba, Gizmo E-Store Desteği, kısmen çalışmayan bir Samsung Q70T televizyon aldım. Daha fazla beklemeksizin, lütfen bir değişim ayarlayın. Sipariş numaram: <order_num>. İletişim için e-postam: <email> veya telefon numaram: +90 512 8680023. Teşekkür ederim, Ayşe",0,customer_service,cs_02392,tr
"Merhaba, Android cihazımda uygulama yüklerken 'Yeterli depolama alanı yok' hatası alıyorum, ancak cihazımda boş alan var.",0,customer_service,cs_01266,tr
Ürün sipariş ettim ama boyutu tam uyumlu değil. Hangi bedeni almalıyım?,0,customer_service,cs_01829,tr
Bu kadar kafa karıştırıcı olmamalıydı. Ürün açıklamalarını daha net yapmalısınız.,0,customer_service,cs_01829,tr
"Bir dahaki sefere, beden ölçüleri daha net olmalı!",0,customer_service,cs_01829,tr
"Merhaba, Moda Trend mağazasından aldığım ürün yanlış beden geldi, ayrıca rengi de farklı. Değişim yapmak istiyorum. Sipariş numaram <order_num>.",0,customer_service,cs_02081,tr
"Merhaba Tech Online Store, geçen hafta satın aldığım Samsung Galaxy S20 telefonum düzgün bir şekilde şarj olmuyor. Sorun giderme çözümlerini denedim ama hiçbiri işe yaramadı. Bu nedenle, iade veya değişim talebinde bulunmak istiyorum. Sipariş numaram <order_num>. Yardımınız için teşekkür ederim.",0,customer_service,cs_02321,tr
"Merhaba, 32 inç Samsung LED televizyonumu geçen hafta satın aldım, ancak renk doygunluğunda bazı sorunlar yaşıyorum. Bu televizyonun iadesini veya değişimini istiyorum. Yardımcı olabilir misiniz?",0,customer_service,cs_02563,tr
"Evet, siparişim 5 gündür kargoya verilmedi. Bu konuda çok rahatsızım.",0,customer_service,cs_01582,tr
7654321.,0,customer_service,cs_01582,tr
Bu kadar bekledikten sonra hâlâ zamanında gelmemesi çok sinir bozucu. Telafi için bir şey yapabilir misiniz?,0,customer_service,cs_01582,tr
"Anladım, teşekkür ederim. Umarım bir daha böyle bir sorun yaşamam.",0,customer_service,cs_01582,tr
"Merhaba, bugün aldığım spiral defterde sayfalar sökülüyor ve kullandığımı fark ettim. Bu durumda defteri iade etmek istiyorum; çünkü ürünün kalitesi beklentilerimi karşılamadı. Yardımlarınızı rica ederim.",0,customer_service,cs_02171,tr
Bulaşık makinemin garantisi hala geçerli mi? Model numarası 1234 ve iki yıl önce satın aldım.,0,customer_service,cs_01399,tr
Harika! Garanti kapsamında neler yer alıyor?,0,customer_service,cs_01399,tr
Garanti talebinde bulunmak için ne yapmam gerekir?,0,customer_service,cs_01399,tr
"Merhaba, BrownBox'tan aldığım Mutfak Davlumbazı'nın değişimi hakkında bilgi almak istiyorum. Sipariş numaram BB123456789 ve ürün hasarlı geldi.",0,customer_service,cs_02025,tr
"Evet, beklerim.",0,customer_service,cs_02025,tr
"Anladım, değişim ne zaman elime ulaşır?",0,customer_service,cs_02025,tr
Başka yapmam gereken bir şey var mı?,0,customer_service,cs_02025,tr
"Merhaba, sipariş ettiğim ayakkabının tabanı biraz gevşek gibi. Kullanım sırasında sorun yaratır mı diye endişeliyim.",0,customer_service,cs_01661,tr
Değişim benim için daha iyi olur. Uzun süre kullanacağım bir ürün olduğu için sağlam olmasını istiyorum.,0,customer_service,cs_01661,tr
"Teşekkür ederim, hızlı dönüş yaptığınız için çok memnunum.",0,customer_service,cs_01661,tr
"Sayın Teknik Çevrimiçi Mağaza Desteği, HDR özelliğindeki arıza nedeniyle Samsung QLED QN90A cihazımın iadesini talep etmek için yazıyorum. Sorun iade süresi içerisinde fark edildi. Lütfen bu iadeyi işlemek için sonraki adımları sağlayın. Teşekkürler,Mehmet4709781932+90 560 5612629",0,customer_service,cs_02673,tr
"Selam, sizden iPhone 12 Pro Max satın aldım ancak ürünün kamerasında bir sorun var. İade veya değişim sürecinde bana yardımcı olabilir misiniz? Sipariş numaram 9025886383. Yardımlarınız için teşekkürler, Efe, +90 573 5797163.",0,customer_service,cs_02288,tr
"Merhabalar Müşteri Hizmetleri Temsilcisi, Logitech MX Master 3 farem sık sık bağlantıyı kesiyor, mağduriyet oluşturmakta. İade ya da değişim seçeneklerim hakkında beni bilgilendirir misiniz? Yardımcınız olursanız çok sevinirim. Saygılarımla,Seda",0,customer_service,cs_02327,tr
"Merhaba, adım Ayşe Kaya. Bugün size yeni aldığım Mavi Cosmo marka kot pantolonumla ilgili bir sorun bildirmek istiyorum. Pantolonumun üzerindeki ceplerde dikişler açılmış ve bunun için bir iade veya değişim işlemi başlatmak istiyorum. Bu konuda yardımcı olabilir misiniz? Teşekkürler.",0,customer_service,cs_02636,tr
Sitenizdeki ürünlerin fiyatları sürekli değişiyor. Bugün aldığım ürünü yarın daha ucuz fiyata bulabiliyorum.,0,customer_service,cs_01861,tr
"Bu durum gerçekten kafa karıştırıcı. Bir fiyat gördüğümde hemen almalı mıyım, yoksa beklemeli miyim?",0,customer_service,cs_01861,tr
Siparişim 3 gündür teslim edilmedi ve takip sisteminde bir güncelleme yok.,0,customer_service,cs_01598,tr
"Teşekkürler, umarım bir daha böyle olmaz.",0,customer_service,cs_01598,tr
"Şimdilik bu kadar, sağ olun.",0,customer_service,cs_01598,tr
"Sevgili Tech Online Store Desteği, HP DeskJet 3755 yazıcım için bir değişim talebinde bulunmak istiyorum. Sık sık sıkışıyor ve baskı kalitesi tutarsız. Lütfen bu ürünü değiştirmek için sonraki adımlarda bana rehberlik edin. Teşekkür ederim,Mahmut .",0,customer_service,cs_02681,tr
Hesap şifremi sıfırlamak istiyorum ancak e-posta adresime sıfırlama bağlantısı ulaşmıyor. Bu durumda ne yapmalıyım?,0,customer_service,cs_00854,tr
"Elektrikli ocağımın teslimatıyla ilgili bir sorun var. Teslimat denendiğine dair bildirim aldım ama kimse gelmedi. Ocağa acilen ihtiyacım var, bu durum beni çok rahatsız ediyor.",0,customer_service,cs_01438,tr
"Evet, lütfen en kısa sürede yeni bir teslimat planlayın.",0,customer_service,cs_01438,tr
"Evet, uygun. Ama bu sürecin başından beri yaşadıklarım çok sinir bozucu. Teslimatın zamanında yapılmasını bekliyordum.",0,customer_service,cs_01438,tr
"Tamam, teşekkürler. Umarım bu kez sorun yaşamam.",0,customer_service,cs_01438,tr
"İade ettiğim elektrikli süpürgenin parasını geri almadım, yardımcı olabilir misiniz?",0,customer_service,cs_01998,tr
"Adım John, e-postam john.doe@email.com.",0,customer_service,cs_01998,tr
Sipariş numaram #BB123456.,0,customer_service,cs_01998,tr
Bank of America'daki tasarruf hesabıma bağlı.,0,customer_service,cs_01998,tr
"Bankamla görüştüm, geri ödeme almadıklarını söylediler. Ne yapmalıyım?",0,customer_service,cs_01998,tr
"Teşekkürler, bu konuda yardımcı olmanız iyi oldu.",0,customer_service,cs_01998,tr
"Merhaba, Acme Online Mağazası müşteri hizmetlerine ulaşıyorum. Geçen hafta satın aldığım siyah deri ceketimde bir dikiş hatası fark ettim. Ürünün iadesini yapmak istiyorum. İade süreci hakkında bilgi alabilir miyim? Teşekkürler, Ayşe",0,customer_service,cs_02455,tr
Hesap şifremi unuttum ve sıfırlama bağlantısı e-posta adresime ulaşmıyor. Bu durumda ne yapmalıyım?,0,customer_service,cs_00929,tr
"Merhaba, son aldığım kıyafetin bedeni biraz büyük geldi. Değişim yapabilir miyim acaba? Sipariş numaram: <ord_num>. Adım <isim>, iletişim bilgilerim: +90 568 1127275.",0,customer_service,cs_02213,tr
"Sayın Müşteri Desteği, çevrimiçi ödeme portalınız üzerinden Adobe Photoshop 2024 aboneliği satın alırken, hesabımdan yanlış bir şekilde ücret alındığını fark ettim. Bu gerçekten kabul edilemez! Böyle bir hatanın nasıl olabileceğini anlamıyorum ve bu durum beni son derece hayal kırıklığına uğrattı. Lütfen hemen bu sorunu çözün.",0,customer_service,cs_00055,tr
"Merhaba, BrownBox'tan bir mutfak davlumbazı satın almak istiyorum fakat hızlı teslimat seçeneği bulunmuyor.",0,customer_service,cs_01460,tr
New York City'deki adresime teslimat istiyorum.,0,customer_service,cs_01460,tr
Bu kabul edilemez. Ürüne acil ihtiyacım var ve hızlı teslimat için ödemeye hazırım.,0,customer_service,cs_01460,tr
Lütfen öyle yapın.,0,customer_service,cs_01460,tr
"Merhaba Ali, iade ettiğim klima için geri ödemenin durumunu merak ediyorum.",0,customer_service,cs_00027,tr
Sipariş numaram 987654 ve geçen ayın 15'inde satın aldım.,0,customer_service,cs_00027,tr
"Evet, geri ödeme işlendi. Teşekkür ederim, Ali.",0,customer_service,cs_00027,tr
"Hayır, teşekkür ederim.",0,customer_service,cs_00027,tr
Ürünü aldım ama kutu tamamen hasar görmüş. İçindeki ürün nasıl sağlıklı kalmış anlamıyorum.,0,customer_service,cs_01882,tr
"Kutu hasar gördüyse, ürünün de zarar görmesi gerekmez mi? Gerçekten çok hayal kırıklığına uğradım.",0,customer_service,cs_01882,tr
"Merhaba, Teknoloji Dünyası Müşteri Desteği, geçen hafta bir TCL 55C715 4K UHD Android TV satın aldım ancak uzaktan kumandası çalışmıyor. Yedek pil denememe rağmen sorun devam ediyor. Ürünü iade etmek veya değiştirmek istiyorum. Sipariş numaram <order_num>. Şimdiden teşekkürler.",0,customer_service,cs_02549,tr
Faturamda neden bu kadar fazla vergi var? Normalden yüksek görünüyor.,0,customer_service,cs_00239,tr
Hesap numaram 2233445566. Vergi oranı ile ilgili bilgi almak istiyorum.,0,customer_service,cs_00239,tr
"Anladım, vergi oranlarını kontrol edeceğim. Teşekkürler.",0,customer_service,cs_00239,tr
"Merhaba, ürünümü aldım fakat rengi beğenmedim. Ürünü değiştirmek istiyorum. Nasıl bir yol izlemeliyim?",0,customer_service,cs_02201,tr
"Anladım, teşekkür ederim. Email adresinize en kısa sü",0,customer_service,cs_02201,tr
"Günaydın, sunucuya bağlanmaya çalışıyorum ama sürekli 'Bağlantı Zaman Aşımına Uğradı' hatası alıyorum.",0,customer_service,cs_01062,tr
"Evet, sunucu aktif görünüyor ama port ayarlarını kontrol etmedim.",0,customer_service,cs_01062,tr
"Tamam, port ayarlarını gözden geçireceğim. Teşekkürler.",0,customer_service,cs_01062,tr
"Merhaba, dizüstü bilgisayarımın klavyesi birkaç tuşa basmıyor. Temizlemeyi denedim ama düzelmedi.",0,customer_service,cs_01282,tr
Harici klavyede sorun yok gibi görünüyor. Bu durumda ne yapmam gerekiyor?,0,customer_service,cs_01282,tr
"Merhaba Yardım Online Mağaza, geçen hafta aldığım Fitbit Charge 2, monitörümü doğru şekilde takip etmiyor. Ürünü iade etmek istiyorum, sipariş numaram <order_num>. Teşekkür ederim.",0,customer_service,cs_02537,tr
"Merhaba, kaybettiğim garanti kartı için BrownBox'tan satın aldığım USB belleğin garantisi hakkında yardım etmeniz gerekiyor. Ne yapmalıyım?",0,customer_service,cs_00971,tr
Sipariş numaram 987654 ve USB bellek BrownBox Pro 128GB.,0,customer_service,cs_00971,tr
USB bellek çalışmıyor. Bilgisayara taktığımda görünmüyor.,0,customer_service,cs_00971,tr
Her iki yöntemi denedim ama yine de çalışmıyor.,0,customer_service,cs_00971,tr
"Merhaba, iki hafta önce online mağazanızdan bir tane pamuk t-shirt satın aldım. Ancak ürünü giydiğimde kumaşının kalitesiz olduğunu ve renginin solmasıyla ilgili problemler yaşadım. Acilen iade veya değişim yapmak istiyorum. Sipariş numaram: <order_num>. Yardımlarınızı bekliyorum, Teşekkürler, Aylin.",0,customer_service,cs_02177,tr
"Merhaba Serap, BrownBox'tan bir su arıtıcısı almayı düşünüyorum. Hesap gereksinimi hakkında bilgi verir misiniz?",0,customer_service,cs_01524,tr
Hesap oluşturma konusunda yardımcı olur musunuz?,0,customer_service,cs_01524,tr
Başka bir bilgiye ihtiyacım var mı?,0,customer_service,cs_01524,tr
Teslimat süresi hakkında bilgi alabilir miyim?,0,customer_service,cs_01524,tr
"Selamlar, Müşteri Hizmetleri. Spotify Premium aboneliğim için bu ay iki kez fatura geldiğini görüyorum. Bu konuda yardımcı olabilir misiniz? Sizin çok güzel ilgileneceğinizden eminim. Şimdiden teşekkürler.",0,customer_service,cs_00086,tr
"Sayın Müşteri Hizmetleri, HP DeskJet 3755 cihazımda sorun yaşıyorum. Wi-Fi bağlantısı zayıf ve sık sık kağıt sıkışması yaşanıyor. Değişim talebinde bulunmak istiyorum. Lütfen benimle iletişime geçin. Teşekkürler, Gökhan",0,customer_service,cs_02666,tr
"Merhaba, geçen hafta aldığım siyah deri ceket beden ve renk olarak istediğim gibi değil. Bu ürünü iade veya değiştirmek istiyorum. Yardımcı olabilir misiniz?",0,customer_service,cs_02109,tr
"Evet Cem Bey, hesabım kilitlendi ve hiçbir işlem yapamıyorum.",0,customer_service,cs_00542,tr
"24.12.1990, 05337778899.",0,customer_service,cs_00542,tr
"Tamam, yeni şifremi oluşturdum. Teşekkürler.",0,customer_service,cs_00542,tr
"Merhaba, yeni bir hava soğutucu satın aldım ancak garanti kartını kaybettim. Yardımcı olabilir misiniz?",0,customer_service,cs_01428,tr
İki ay önce.,0,customer_service,cs_01428,tr
Odayı eskisi gibi soğutmuyor.,0,customer_service,cs_01428,tr
"Evet, filtreyi temizledim ama işe yaramadı. Gerçekten hayal kırıklığı yaşadım.",0,customer_service,cs_01428,tr
"Merhaba, web sitenizden aldığım bir telefonu iade etmek istiyorum.",0,customer_service,cs_01978,tr
Sipariş numaram BB67890. Yanlış model aldığım için iade etmek istiyorum.,0,customer_service,cs_01978,tr
"Anladım, ancak yanlış ürünün gönderilmesi benim zamanımı boşa harcadı. Bu süreç daha hızlı olmalıydı.",0,customer_service,cs_01978,tr
"Hayır, hepsi bu kadar. Ama lütfen müşteri hizmetlerinizi geliştirin.",0,customer_service,cs_01978,tr
"Abonelik yenileme ücretim fazla görünüyor, kontrol eder misiniz?",0,customer_service,cs_00393,tr
Ayşe Yılmaz.,0,customer_service,cs_00393,tr
"Evet, lütfen iptal edin.",0,customer_service,cs_00393,tr
Çok teşekkürler!,0,customer_service,cs_00393,tr
Ürün siparişi verdim ama yanlış beden geldi. Ne kadar dikkatli olmalısınız?,0,customer_service,cs_01878,tr
Bu kadar basit bir hatayı nasıl yaparsınız? Gerçekten çok hayal kırıklığına uğradım.,0,customer_service,cs_01878,tr
Bundan sonra başka bir yerden alışveriş yapmam. Bu tür hatalar kabul edilemez.,0,customer_service,cs_01878,tr
Yakın zamanda sizden bir Canon PIXMA MG3620 yazıcı satın aldım fakat kablosuz bağlantısında sürekli kopma sorunu yaşıyorum. Kendim çözüm bulmaya çalışsam da başarılı olamadım. Değiştirme ya da onarım sürecini başlatmamda yardımcı olabilir misiniz? Hesap numaram 5009905162 ve iletişim numaram +90 560 9000894.,0,customer_service,cs_00936,tr
Her ay aynı hatayı yapıyorsunuz! Faturamda hala yanlış ücret var! Bu sorunun bir an önce çözülmesini istiyorum!,0,customer_service,cs_00269,tr
"Bu kadar saçmalık olmaz! Aboneliğimi hemen iptal edin, artık bu hizmeti kullanmak istemiyorum!",0,customer_service,cs_00269,tr
Çok geç kaldınız! Bu kadar kötü bir deneyim yaşamak istemiyorum.,0,customer_service,cs_00269,tr
"Meyve sıkacağımı iade etmek istiyorum, düzgün çalışmıyor. Sipariş numaram BB123456789.",0,customer_service,cs_01950,tr
Bu saçmalık! Ürünü sizden 35 gün önce aldım ve şimdi düzgün çalışmıyor!,0,customer_service,cs_01950,tr
Amirinizle görüşmek istiyorum.,0,customer_service,cs_01950,tr
Düzgün çalışmayan ürünümü iade etmek istiyorum ancak süre dolduğu için iade edemeyeceğim söylendi.,0,customer_service,cs_01950,tr
Bu gerçekten çok sinir bozucu. Neden garanti süreci bu kadar karmaşık?,0,customer_service,cs_01950,tr
